"DATE","total_revenue","impressions_Facebook","impressions_TV","clicks_Search","spend_Facebook","spend_TV","spend_Search"
2022-01-01,934057.238462646,73293936.49953,3096921.16907109,548231.386103648,220615.877659403,62003.368370188,140010.148699679
2022-01-02,2698945.7435159,38517123.2592736,1585848.23365099,310966.984838197,115670.899752683,32172.8932761212,74915.3683289814
2022-01-03,921339.425376638,36301960.8536476,1463720.73920235,346049.648139039,109051.505274404,29364.2208082676,92202.1867468898
2022-01-04,1202943.271364,58098962.0204668,2335791.26611593,545490.713471765,174829.617543449,47116.1588333785,149479.01132518
2022-01-05,2149757.28439439,52220051.2441625,1992868.78080403,337605.038691043,155255.650973739,39787.511507995,88825.4894630025
2022-01-06,6380710.60005278,66135137.3614123,2535527.12056368,661212.680380181,198279.562509858,50594.6504391563,172634.266723375
2022-01-07,1246182.43422462,55025338.4549031,1893354.95802985,403318.799959598,164743.457430597,37732.2463105625,106662.215277609
2022-01-08,3994645.22915043,73157421.63885,2275368.22371214,728057.678578082,219535.845168808,45541.1660830882,183408.090438143
2022-01-09,3485030.11397914,58804120.5465014,2555889.21554141,583437.173837108,175492.783924577,50673.0066077851,152388.679985653
2022-01-10,1171547.6539897,15891888.2456109,768541.907277561,162524.008513332,47671.0391249871,15659.8504340005,41153.8530317152
2022-01-11,1624396.65512608,30099167.9017779,1287187.48472903,302383.137933319,90183.6142747245,25657.7504700264,79621.4992134271
2022-01-12,6110658.58023867,68910881.7995647,2366485.15580911,812176.604352089,206944.899953706,47299.470668582,203033.149995481
2022-01-13,1976738.11465604,61965806.686067,2781997.21045124,599754.050702297,186633.139192628,55734.9531581164,155711.498066627
2022-01-14,4145069.25164586,41201029.0064616,1584801.60720684,295626.521144404,123924.623341241,31646.3940073345,76722.7158655939
2022-01-15,815077.422606812,30984007.7217406,1269772.44437153,284809.33614267,92945.3083130264,25691.7406254878,75783.5825594751
2022-01-16,6189091.41705162,78499463.0120942,2746821.69088984,546964.658141004,236019.635826118,54848.0528255725,141498.850279882
2022-01-17,2144547.6634577,40678210.0730827,1688397.65306158,340355.07584446,122212.437015708,33754.8759415108,91855.0410764755
2022-01-18,906289.810426193,79079974.7065412,2955327.00969222,830255.524681051,237993.569172611,59072.2738499088,212106.704839297
2022-01-19,2894424.12533983,82216676.5044704,2565232.19461938,757749.738944842,247407.044243073,51994.5355975715,206752.616197297
2022-01-20,3496814.29330958,29277031.4933611,1245764.04062819,278727.860870496,87689.6618753927,24918.4788509956,70922.7222933727
2022-01-21,863994.861124132,39441113.9617118,1593489.69936438,392039.179809186,118026.357929663,31794.2783725276,94613.9324402455
2022-01-22,3452514.28194576,34302859.5991953,1459536.71079523,282198.822218768,102463.886968294,29170.7406594345,72317.4064398532
2022-01-23,4354994.8280447,66373812.1026736,2073110.00229194,575185.048358606,199161.177567633,41777.5235592948,154790.105663489
2022-01-24,3166553.7858872,35064260.7425041,1038377.41959386,286526.209213846,105477.261738374,20621.4588766568,73824.3106212059
2022-01-25,1449631.31358683,21716964.2738169,641039.148821098,173593.921040014,65326.1459218776,12859.0443897841,47314.4558414478
2022-01-26,8950617.52949646,93334425.4875096,3691918.59647798,709382.292686794,280509.053634647,73937.6485209673,176687.997293638
2022-01-27,6644795.37759178,72139245.2914926,3110170.13696386,588718.152145847,217057.314223292,61327.3500906518,151212.684447273
2022-01-28,3480731.55714652,64723256.9586267,2319117.00354643,653095.087658063,193440.266341768,45795.5627560058,171476.531024726
2022-01-29,1827594.28399667,45304103.1357512,1625620.86001781,361994.592670484,135854.364044895,32100.1487434759,94646.6588539047
2022-01-30,534108.349155601,56315716.5868849,1690769.21190619,496210.834611828,169184.030931007,34062.9682074298,124624.877736524
2022-01-31,3427888.93223229,62967516.8364711,2733281.07151725,529903.395349149,189355.376200872,54881.2109015446,146731.138518563
2022-02-01,1154369.0599722,32480390.2535683,1036000.23989856,340411.568181376,97404.3383483925,20610.7181248092,82861.069330378
2022-02-02,4700666.18660202,56422332.0539177,1984807.85044924,412832.471798101,169787.517803436,40472.6940101095,106313.65554885
2022-02-03,6126561.37555986,62495910.3434579,2425108.84049252,419936.25968658,187495.075570172,47849.7037938443,111229.386086161
2022-02-04,1812536.21149819,83444164.4155734,3084853.6756381,685226.047102471,251407.936727257,61733.6275503742,185135.81516964
2022-02-05,6867807.42261682,63394768.5317049,2536356.98710414,623019.908088707,190607.434186995,50492.6696602844,152113.167873414
2022-02-06,4156620.71624658,83009615.013434,2584468.41172181,564760.309156862,249221.869293542,51697.7590365997,156303.674904779
2022-02-07,4848010.44663684,52794631.545232,1944865.42242022,554674.814099307,158038.624648379,38658.1120638088,146357.96064255
2022-02-08,1502053.29574206,33818385.0659283,1372721.38073971,351812.151463562,101926.556129713,27560.4629059953,88262.712646235
2022-02-09,6485052.84329005,52196713.5998589,1805170.76283423,370199.128519675,156436.439545118,36576.5587276837,102019.304531009
2022-02-10,2352314.01051666,25221523.4192642,967039.419371263,263534.231855874,76018.784168047,19479.5293798409,67025.2225258647
2022-02-11,4896332.55602635,74608859.6910448,3088466.29544676,491134.843128042,224199.359101698,62045.7474181114,135640.069652217
2022-02-12,10888550.4023897,72799997.1923629,2788056.75239336,764535.657872017,219966.488770465,55421.4927469882,195294.701954125
2022-02-13,5145584.74291008,56225359.5003607,2397653.55401314,417896.377425827,167981.175770918,47751.4836741133,106995.262792268
2022-02-14,2017075.71056526,38081276.7807127,1230579.70653969,349987.136789112,113787.747239333,24660.1853531871,92461.833797693
2022-02-15,8435959.91949521,77489628.3901277,3018281.37906128,546164.688898457,232590.438004066,61429.9106187022,143694.676500932
2022-02-16,993601.19577061,62171156.8710759,2303869.60548734,445784.637159607,185461.790023184,46357.6751004728,111113.237532412
2022-02-17,2398159.12643394,47687884.5829686,1501674.28583754,439477.621333146,143989.958164611,30222.3544563994,116160.477611611
2022-02-18,8591802.15413365,77279662.408073,3226710.99445722,555025.657575005,230863.353477309,64718.2019348297,145776.986905863
2022-02-19,2936808.18167428,38369843.6844767,1337115.58192385,473681.750519251,114766.492693074,26655.674978038,111593.266593129
2022-02-20,4976329.01901313,72228842.7806145,2387690.72505807,698914.916679092,217348.702035968,47769.497574306,178777.710712629
2022-02-21,2196379.33903748,37669805.2641779,1383911.36636358,412822.621522896,112907.01697058,27977.0589496304,103868.298186115
2022-02-22,1327115.98984259,62297277.9819622,1942432.03788302,581088.534293324,187052.969726807,39421.0965302557,141667.267782214
2022-02-23,2697849.71279546,69330548.8196199,2429882.43591191,633068.697996137,208835.430032654,49346.1973181247,159956.096881085
2022-02-24,3043274.11743366,31984118.1684501,1110610.88276855,290146.111105992,95919.6716292037,22295.6030653942,77258.8540499696
2022-02-25,2181386.78576012,60651951.9419912,2261919.81308096,517500.913780744,181651.640948182,45428.4902558337,141732.216579478
2022-02-26,1313962.37165085,56395619.5335558,1883214.36049019,412437.122496136,169386.210007716,37490.8815273924,110964.22817001
2022-02-27,7193428.8419002,64985272.1553196,1990232.05249515,592402.304759432,195860.122711905,39801.3900217051,160912.878930619
2022-02-28,760957.18276457,45504658.1162917,1491531.48173572,327038.343076045,136780.364733911,29235.1126486449,84124.7290795228
2022-03-01,3064843.4580761,48315596.5370697,1849858.56862209,527331.02710729,145046.686552534,37740.1928429247,137514.487198792
2022-03-02,3779222.6590271,80271349.5797034,2619501.41169982,694189.021933276,240170.09481591,53419.0074825717,173639.298477098
2022-03-03,2587541.93839361,63208201.0282157,1789060.98755937,517355.246779856,189620.895318634,36008.0934048031,120220.027657366
2022-03-04,3551303.89932996,63710432.9061032,2308485.12318507,676668.130117158,190359.744706692,46552.0870337595,174407.263087061
2022-03-05,8260715.66355619,48230951.6656947,2277485.5777837,450094.928200566,144645.146100289,45214.1042097112,117051.289928355
2022-03-06,1834656.07135729,36453779.6232876,1365762.96623733,368497.101023357,109537.184888115,27188.5922778709,89335.0573625433
2022-03-07,2406024.27322555,54823646.5669662,1847904.46462903,485427.823939567,165151.933529614,37313.056909465,125442.440476208
2022-03-08,1996388.06644886,33753232.1529373,1254108.4703141,304202.702650951,101302.548478088,25146.74007457,80051.5959032648
2022-03-09,134864.186350137,11138999.3897123,350100.667250264,115274.890617767,33459.6846513553,6950.80604374316,28978.3704599044
2022-03-10,6406858.1451469,81044292.8333381,2333243.81055713,582630.14701614,244046.400422623,47108.6813230098,154757.177453516
2022-03-11,3093156.87496087,37196482.3173305,1585996.76224088,316424.499469746,111224.648901601,31639.6651683659,77444.8042322899
2022-03-12,1407132.12882447,26081443.3607099,952294.55037875,188732.910930742,78503.9327270545,19108.096341115,48779.6696671891
2022-03-13,221311.314011816,64180526.5712108,2480923.65268177,709291.946297517,192901.021907344,49795.5307292716,185831.628092641
2022-03-14,6003970.94611996,58582288.1310818,2038761.30989992,410183.226911578,176050.553686407,41088.7492349718,110674.518935547
2022-03-15,6278060.27434126,48500362.776816,2014431.60142842,319424.290734695,145421.040833628,40171.4822397081,83444.6374515033
2022-03-16,4659197.24920426,49982316.9220186,1561788.35384,479435.084232407,149835.565762174,31320.2564172907,130049.379160325
2022-03-17,4492247.63531786,46700966.8278968,1986597.2401772,418191.758742225,140653.230240918,39725.0976549799,106023.537923872
2022-03-18,4805916.1126692,78190311.364339,2911853.86798707,494787.537876582,233722.303983704,58434.998878374,136508.574783429
2022-03-19,421410.782075041,67563439.675255,2714952.2998711,585964.639510624,201543.505063775,54920.5145078111,145302.051278568
2022-03-20,3853695.61375299,28051488.3768215,1109109.08403104,206432.295711801,83646.605143746,22030.8938970968,50659.4413728064
2022-03-21,7341430.64638972,63501952.4954742,2204647.47116303,504886.229438273,190244.206158893,44476.2728221017,129619.37058318
2022-03-22,4458627.99692417,66376279.8840791,2847861.23529971,551228.72756105,198314.523978243,56957.1176414704,146409.724970242
2022-03-23,2144687.84352322,64402212.9681076,2631098.84734043,560397.306323884,193365.428666495,52930.1712023531,149530.497728822
2022-03-24,869295.684183908,13213160.677382,605633.783664102,133031.460143011,39629.3827649131,12244.9808709809,34693.9054356847
2022-03-25,2058610.88450069,46112300.9713892,1603464.706837,553383.00851709,137955.15700735,32267.6134542486,135241.487036874
2022-03-26,7482574.71159598,87285232.6947049,3501407.59689927,678455.456896175,263008.690781565,70691.7898628778,193262.851447353
2022-03-27,5119813.48361627,69631456.7563002,2929844.66701974,549900.123594907,208685.287466556,59202.524736056,140791.641661341
2022-03-28,403179.361239373,25438702.0071643,1009266.21987707,235277.79326745,75993.1852395947,20094.6793116655,61984.5173841533
2022-03-29,1632758.05368807,28428140.4647119,865944.644261727,218223.870637847,85153.3526437091,17533.0881189791,59946.6880489682
2022-03-30,5104517.02156027,65552075.6639366,2727342.36023809,508194.194832457,195954.170254715,54462.714245206,127694.070731634
2022-03-31,3138901.23498944,50515651.6505882,1622711.1923274,492517.481396191,151643.052636578,31673.8005428491,128277.598263345
2022-04-01,4573945.70849881,71066238.5112316,2226270.76426258,596057.69899232,213405.435723086,44908.8139110476,166814.806753615
2022-04-02,3993335.02926219,64230176.5269992,1981227.90217325,488552.400008365,193612.123964485,39779.968271805,124990.573931441
2022-04-03,1524963.68793269,57585816.8733085,1973271.87821443,490207.594365163,172712.360249087,39830.7124157549,124556.863686075
2022-04-04,4700515.47300298,61250618.4404359,2573920.28716094,431189.132435559,183708.07515838,51299.7202295222,112358.388892026
2022-04-05,2453203.35226691,59338699.4967858,1731124.47796988,519303.235400051,179259.956448977,34752.5003225058,131613.04676765
2022-04-06,314447.347352965,36741034.6729787,1273713.7076541,254193.706411539,110269.175336978,25235.8512905506,66535.0667510465
2022-04-07,4847053.28572191,94334621.7361792,2867357.08441336,862561.583926773,284275.2100156,58082.073793094,221592.048253252
2022-04-08,2317742.49634748,29031879.2197307,1277319.54486922,283249.493582154,87535.710754606,25897.4862636818,74366.2622391789
2022-04-09,3152119.26017937,52324667.5529514,2121120.98222169,476554.12790814,157845.547720397,42851.4064038845,126606.896597495
2022-04-10,4055036.71989119,46925221.9149438,1395183.82524932,417045.348150424,139863.000208689,28117.4835969506,106587.580932194
2022-04-11,5728527.66542152,83265960.0711555,2937538.52941555,765979.827738043,249100.528114817,58831.4704728592,201079.234747865
2022-04-12,2933959.27339532,70439775.6728433,2534232.80034297,660327.704205097,212176.297423324,50746.0470528443,167221.673141755
2022-04-13,6415339.49797244,47659598.0483408,2026872.38444897,344312.383617496,143046.261415102,40246.1624972306,89335.920497005
2022-04-14,4745129.67455264,55315958.6054284,2476561.52101725,494721.789372173,164949.155280001,49403.1770771302,135189.747180371
2022-04-15,4955808.77015316,67010492.4237442,3289839.30918704,679170.746924815,201719.954514878,65666.4817832241,178159.758721773
2022-04-16,1279360.00189158,101366176.651779,3904517.58647938,676468.692347958,302747.088840481,77743.3832196248,172141.811890585
2022-04-17,4643406.50368723,62187090.0630745,2067450.81025611,497970.165261072,185658.863067372,41269.8125272556,132297.832022258
2022-04-18,1924687.27325945,40200651.7648815,1595204.70480227,279409.916156094,120312.361510252,31984.6440191912,72452.3342474535
2022-04-19,1950271.52533617,37380170.3183135,1670754.45033768,322423.860694764,112496.934388466,33070.4036809893,85078.4305809633
2022-04-20,4740691.64238903,89262171.3374723,3408437.74978968,758569.559318851,266760.889977741,68249.5551312753,194561.412934402
2022-04-21,660035.548212328,18395936.4179435,890741.516364921,181976.041575588,55065.1476464968,17750.3824862692,49127.3214814858
2022-04-22,7413077.75871589,108696354.274456,4094613.19028718,936532.067213281,326160.100298707,81036.6825975578,227377.453991921
2022-04-23,6676914.29834449,52069876.4724916,2230321.50324616,384082.081199528,156885.837106334,44520.5681563136,101458.535328622
2022-04-24,827989.443928725,44285846.9897998,1737722.63378591,474013.605173206,132771.208599856,34661.9731352901,116127.492353482
2022-04-25,6568504.8769695,55110329.8323596,2095432.2737893,521296.343460931,165423.655770773,42266.6123815185,137065.787394104
2022-04-26,3962676.75533657,76385258.7084578,2950297.52444054,494912.657229197,228504.645721438,58579.6288906227,135254.598174465
2022-04-27,4267302.47532364,61932890.2204313,2355788.79098618,483839.825435388,186130.790746928,47241.857282072,125910.179554435
2022-04-28,2066089.0303466,21823467.1572052,680106.425977961,199248.500613551,65359.8863731051,13702.2363062935,54322.8550733535
2022-04-29,4174294.84883198,62726573.4981909,2016995.020167,518918.599410506,187422.609803754,40439.8515222981,136491.209620884
2022-04-30,3702477.16503438,57406550.4274719,1986617.65543144,615526.369723359,171649.475498928,39849.5702716786,162543.405603636
2022-05-01,2400718.20562802,70875634.143865,2597570.89529371,540077.875408905,212461.685690015,52371.8394344218,130121.561929013
2022-05-02,1868003.09605606,34185773.0189617,1199083.6289651,367245.559872506,102271.813468831,24065.8743656975,99520.2394047333
2022-05-03,241720.594097408,14245251.0654125,571581.115592012,145968.894978923,42802.2336340165,11365.3398286521,37730.1384011834
2022-05-04,4381937.98370949,51893123.0094836,2095536.52703439,392410.118571795,155705.438960332,42113.2261314033,98723.7041258128
2022-05-05,1604970.47763143,42179321.2813402,1185032.45633568,325964.622690406,126090.95538678,23586.8324728954,84892.3370493508
2022-05-06,2551196.24255378,38375506.9259923,1371563.38250015,400499.904514731,114634.201913984,27908.5657612127,109868.232480494
2022-05-07,956905.849983284,40753010.9173618,1630237.70212618,294306.931416334,122095.167329841,32638.3942198052,78888.5117783616
2022-05-08,5544375.86640699,49503597.5020579,1552643.9378599,468105.178200048,148466.172137038,31085.4892729976,109647.893604512
2022-05-09,1973293.42305572,49568068.0547224,2053274.62685386,404440.480330051,148519.967593234,40942.5244222757,108415.801692129
2022-05-10,5411366.90521618,64782071.0640941,2822261.41153476,614709.858320851,194726.971236176,56361.0725856356,157521.227502172
2022-05-11,2631161.51870628,66912342.5613073,2518852.88840336,712978.61840431,200821.36805792,50834.5879697907,175986.878359867
2022-05-12,414182.970646827,42409960.887031,1526128.19234281,377912.249674367,126278.656430869,30602.4456926501,92665.7316347383
2022-05-13,4036049.85852524,53537231.9401802,1931009.65417647,375687.79927041,160571.325984331,38588.2209014441,98958.6559627042
2022-05-14,3385349.75083028,55600502.2699824,1954130.6742663,666633.195333821,166808.924905442,38897.7865741529,159437.765122964
2022-05-15,4777996.27529838,72680353.5876488,3382928.77878247,689535.719774902,217877.482056124,67057.1373868933,183944.491040784
2022-05-16,1525517.16878404,58638413.8928906,2311787.02256593,398919.807379268,176225.7489772,46834.46825614,100332.740802419
2022-05-17,1237570.32495966,24470605.1334973,1100643.68173909,234402.145523936,73409.0357001333,22223.1521828382,63480.4629616178
2022-05-18,4132266.52775109,52863156.6151272,2369107.14153467,566203.74146719,158635.430098275,47512.2545398264,146037.569876029
2022-05-19,6543718.05499057,53349788.2358836,1792320.26141275,468612.424800938,158766.367365065,35981.0073914687,122343.55814641
2022-05-20,4123427.5737057,87154285.7365837,3804189.63871454,685622.568919502,259941.279606473,75878.0756342078,170429.930105362
2022-05-21,3478383.4847076,60711227.5011477,2638351.59927756,463742.353663193,181855.480607355,53288.3689865055,128198.3669505
2022-05-22,4455233.91393795,41859031.2860151,1645884.37230722,405341.113607461,125112.205625956,33133.6900444006,108449.126094171
2022-05-23,2199337.16125506,48977001.7989603,1568391.60379483,408978.102190487,146347.107004964,31388.0799005908,107312.583711592
2022-05-24,3177263.49850112,45681661.895789,1842090.4471541,394654.127823418,137274.782671475,37185.373557506,104010.164816471
2022-05-25,6568121.94115848,61633988.6438519,2040551.59259052,485158.792372251,184980.263937175,40994.4673297459,121628.782448826
2022-05-26,4950083.65793607,59138378.5198861,2023093.37617347,484856.71008569,177420.676146115,40679.6192068192,128541.484407014
2022-05-27,8135852.40792675,73888581.4497719,2691661.72773638,545692.280440281,221057.975529823,53948.980734534,145577.864418121
2022-05-28,2862323.84571823,61543569.6569545,2164179.76126334,512453.109811403,185114.989780998,43181.5865871758,132721.09624992
2022-05-29,2936633.50844494,50416717.4723286,1939623.45200059,410880.297901443,150795.633006885,39217.7928800476,102317.844400936
2022-05-30,1548761.42923465,41402342.8976855,1623039.50059059,286017.450911941,123961.396630891,32511.5036914067,78465.9701597283
2022-05-31,4162850.92324588,58688766.7951875,2172213.33773399,701817.816388014,177047.016323409,43776.3972934163,171646.879525129
2022-06-01,4891547.41048833,55862691.9759206,2332792.12365516,418285.96489396,167756.832118409,46862.6408348657,108131.678813892
2022-06-02,2614336.15051318,53177257.1519834,2291877.86174088,536700.260025348,159366.865350105,46235.6307111866,141681.290707887
2022-06-03,1528593.18696482,74810627.5524422,3215441.04794086,611221.535409693,225910.356066923,64452.1805313691,149001.56524399
2022-06-04,8500707.30943077,90480458.6485766,2544823.18896354,665848.048343267,272557.494225432,51132.7951573885,180513.272482055
2022-06-05,2076619.6466903,37417393.6836157,1658902.53832342,311475.422964061,112766.790111746,33481.6086356573,87369.9552390414
2022-06-06,3689910.02821207,77880961.0976259,3065932.21258445,769407.285597854,232370.418013218,61425.7810474977,199611.846621313
2022-06-07,688553.507297558,40178582.7196596,1557026.38068648,348153.996937964,120330.361837338,30679.3235731408,91316.9616444297
2022-06-08,1277405.50047342,64664890.837662,2251211.68847121,425125.967038332,193592.343818403,45099.139857987,116943.735543086
2022-06-09,2875770.22712649,59244805.0243448,2314388.28536403,490140.767638313,177032.168476326,46342.5295516391,127862.351457571
2022-06-10,970123.741570772,50849540.8047262,1555152.46125552,469340.202589047,152436.196546382,31051.8354409372,117821.117023448
2022-06-11,2772963.27659981,74970974.9476283,2862304.47339606,696130.468364625,224487.3742052,58169.6361384767,185768.293758127
2022-06-12,4010424.44052499,42044863.033116,1641381.18301038,416719.100506966,126262.288979937,33332.6667468685,103513.844295394
2022-06-13,1725457.53631894,64985531.0054507,2772252.98207403,573304.763800908,195329.307620899,55162.696101978,144561.124328452
2022-06-14,519750.592630786,49677960.8628039,1940696.37241991,513101.82221863,149287.938537317,38747.976656482,139638.514791871
2022-06-15,2874912.06788823,42178797.3555764,1464251.07630592,325743.668923582,127157.654565208,29708.3853730135,78985.9301886937
2022-06-16,7968237.37489666,73115045.8766476,2695800.64831735,685213.57832882,219317.142446352,54451.8420396422,176699.929860644
2022-06-17,521173.763890836,18142251.6835701,770882.120939821,195868.747841896,54347.4129704672,15564.4276810086,50254.122797641
2022-06-18,5684181.7108527,46046274.9743479,1460377.12842792,432460.624858844,137999.887343205,29060.573124871,109324.292590662
2022-06-19,1138584.08035732,28449922.5238492,909914.330666985,259321.334634921,85765.0388101392,17944.7081661214,71149.9963330136
2022-06-20,2086318.4029366,52350871.0428664,1931609.08090058,590509.186741362,158068.571569157,38869.2765674182,151494.258853551
2022-06-21,4556773.59728027,65179232.9495752,1818846.44857046,479515.050521344,194775.343909259,36366.9673053765,124299.943729463
2022-06-22,1006013.4174352,33501884.0903201,1591053.6267572,329067.541665912,100571.915342638,31792.0987499533,84762.4690364345
2022-06-23,3024351.69869354,60291165.8073515,2918196.23011619,590104.524867643,180808.559469381,57982.9559221492,155303.780223177
2022-06-24,2149738.81630647,38725325.3886022,1122194.96473488,344515.316877926,116784.918387286,22614.2068336387,86310.8509208751
2022-06-25,7373752.16592687,70527196.1561784,2443697.27510168,472261.604098442,211252.710895956,49672.8756555936,133994.563390248
2022-06-26,1316836.92957486,57699255.55645,2511397.09522274,506197.351897485,173652.103935153,50441.1121369787,128689.723890639
2022-06-27,2332252.38665837,67636749.7084344,2061637.20314404,577362.784113952,203864.893141939,41331.8011387546,155330.900429758
2022-06-28,1112922.32836546,36672977.6558284,1415582.8303877,385148.818919034,108997.218408153,28348.886358482,97805.5913139795
2022-06-29,5768688.60190529,59714010.3210682,2032713.12975346,423974.048703614,180448.890897084,40406.4463363208,117680.063734405
2022-06-30,5332278.24917886,48273246.5434165,1818043.91945677,413784.561955057,144830.672727661,36827.8783096698,101059.506967035
2022-07-01,634474.34333194,30596680.7037848,1182193.28180946,243183.597401754,91788.4739257936,23532.2069794393,66791.1034853107
2022-07-02,438048.652433226,60743316.7338791,2319215.14616546,453063.487228021,181526.136865787,46445.6202821068,116296.893404259
2022-07-03,1871826.12056534,90202737.8433752,3779287.48316284,572104.054486226,270460.279461006,75387.0740672946,160528.907603418
2022-07-04,2106524.34455937,41750944.5532134,1882993.26820929,410141.588598794,125014.156029275,37743.9997560923,101434.750863128
2022-07-05,2026053.37367426,53278677.2764245,1755921.45599002,443148.45590985,160216.833038136,35540.0578003051,113261.361594738
2022-07-06,2533410.34375773,62039154.4629587,2737618.60278702,623874.484445229,185481.36169587,55057.5001432743,157385.511458574
2022-07-07,1749831.96113131,60910166.251779,2358655.25801766,396050.618135822,182509.317214411,47532.2396920092,102572.99407724
2022-07-08,4850134.28220852,90685465.2727753,3652941.67457594,688719.04204145,270891.492922758,73576.051576941,178886.086725586
2022-07-09,4216746.52867988,66634691.4772013,2464234.99384151,622324.304707066,200785.389669976,49546.2644624546,152389.719246557
2022-07-10,1591937.53116913,90032807.7289512,2860860.18109,950699.121301394,270012.357387696,56690.7915741769,234430.244340331
2022-07-11,2475182.68022143,59335430.0044147,2716564.58076068,541352.778331442,178769.243278986,54219.7471582622,130901.944192148
2022-07-12,1777014.13299784,33280832.1317774,1471047.91152226,346306.47251791,99943.1469174773,29437.8244551256,86227.3624998054
2022-07-13,1955560.18336695,62697667.7097464,2750297.72747418,494328.855711225,186505.881793166,54957.441816195,129670.203181071
2022-07-14,2152654.66878618,41208473.556802,1718810.91797028,323996.45768026,123481.6120021,34424.4965979453,78638.2657185361
2022-07-15,1140410.368419,36527699.3840489,1488719.63488613,336112.793302799,109668.903251843,30005.425111494,88619.435024729
2022-07-16,4105590.07764025,48916543.9667732,2200407.74413641,440785.231419699,145980.110509149,44190.2220008514,119882.234479639
2022-07-17,1519310.34311601,63861449.8723251,2863068.69086471,688103.396583009,192256.749385232,58359.2366011032,171775.684031525
2022-07-18,5998887.6049378,63082877.0661745,2488508.55863577,469013.080480378,189518.942387406,50288.9027036014,123583.154866791
2022-07-19,1764221.64847548,69909171.3751776,2927656.52135105,569741.979631129,210566.136191505,57795.3485782948,142040.542876556
2022-07-20,7508131.6502248,68985901.2185236,3037669.22410981,581993.577294874,206747.927690234,61770.6060579338,152015.566479893
2022-07-21,6846613.03167695,49779249.5724587,1642629.92262003,490289.913196369,149383.706550367,32959.0747411462,129472.005666261
2022-07-22,190069.051315694,15033913.5948986,445040.814531742,136101.157148081,45293.399493242,8990.29106619686,34493.1980796549
2022-07-23,5789116.17599329,62880935.0246258,2379287.51004338,639319.136506034,187319.752367376,47674.57870937,173596.354096338
2022-07-24,11879009.5260693,83608506.0076042,3663246.840213,850723.592504061,249503.904947662,73836.7216227025,222570.960365615
2022-07-25,3861392.48757551,51009851.2715339,1941430.39986394,549117.719512347,153161.74142384,38925.1888737352,142751.419648394
2022-07-26,407380.605812484,31160350.1943839,1146365.53164262,286812.600536352,94024.6830152454,23108.1396799203,76375.7323520659
2022-07-27,7695593.35843982,51365201.4356779,1902710.92143135,367749.896550367,154464.399337593,38055.3775970271,99725.1465099751
2022-07-28,3741436.23231195,41395314.9090875,1326065.06107014,320538.709359884,123959.376516385,26332.6498417131,85256.2157263779
2022-07-29,544460.12438327,51821919.1017775,1855933.48140023,522892.301419411,155466.049174454,37641.3009442745,131728.72787411
2022-07-30,5684591.45359298,71754932.4890645,2409362.78488896,510380.213944198,215038.892886937,48593.5345003295,132978.773168397
2022-07-31,3333848.9006758,63966928.3719146,2213750.46201232,709824.108084752,192274.570701219,44556.7064589655,178812.337520369
2022-08-01,3614926.69496718,56337358.4627757,2609295.45130047,514563.503637439,169598.661156426,52442.0710171308,130476.770307774
2022-08-02,3247343.54436771,37083154.7265305,1180098.18729296,365986.585146142,111481.755951274,24010.3337878687,100110.896933215
2022-08-03,3063938.99400809,68796484.1505358,2873679.58809389,589431.627952772,207758.202021551,57824.3212155587,144742.69349105
2022-08-04,5775870.94848786,70247020.4613013,2384900.19211444,794820.335317587,210577.637533678,47081.701028555,206172.516950771
2022-08-05,3410543.36117514,99480303.4585279,2921058.61765308,797139.381755697,298261.794423467,58085.1127354166,197841.370434223
2022-08-06,4173575.69753902,50214554.9571317,2017344.45314988,348862.022487122,150619.38954301,40266.8337373997,88748.5332729977
2022-08-07,1543787.94749954,66924660.3291013,2392371.22874891,486507.099500033,200847.317458852,48128.5109729826,127433.431483415
2022-08-08,9545165.12372914,74227444.5476887,3075568.20944494,626859.356845148,222719.610321711,61967.1738335557,163682.382456143
2022-08-09,3570647.51337271,56727512.9214945,2122615.40071673,374861.976775166,170619.748263076,42874.642359336,103866.062225376
2022-08-10,3759084.17188982,65943633.8520589,2532484.31909078,530291.540981118,197869.032659012,50296.4380614815,133320.384856354
2022-08-11,1835920.72843796,62369137.9297157,2090644.21980795,480824.440234031,186827.105017593,41441.563390331,122173.479719918
2022-08-12,1947338.02506802,53377836.5178543,2065197.28189387,461103.799153397,160003.984342787,41497.8906578102,114053.171545717
2022-08-13,1604710.75111864,58635175.1439623,1744706.35272954,497937.340205629,176901.101290096,35221.7847391513,133728.024258256
2022-08-14,1344689.66449827,63976109.018192,2195009.91365607,749035.548252935,192198.439892767,43994.1892246171,189280.647835615
2022-08-15,4107896.84873321,58740527.497489,1944386.0430223,577702.127092603,177366.509291473,39331.0402626462,153180.34184632
2022-08-16,2989557.07091098,50388736.1504445,1810858.50495762,338480.395089464,150911.322487481,36464.7846089608,94980.0713861076
2022-08-17,548807.65938239,17737474.2545604,672462.973364355,141704.726604683,52934.4225188804,13465.9345621188,38621.3453368242
2022-08-18,1388964.00534168,38299689.4664555,1564824.51062135,387691.757124552,115053.453274375,31227.4424801877,103212.785732954
2022-08-19,3246629.29311488,50579264.387634,1890558.5457522,498375.866274394,152676.315852343,38103.1584200673,136225.013993226
2022-08-20,1076527.41529372,12420028.3296838,560899.993784582,118693.212105659,37143.6354261271,11136.7189862955,29277.1333911462
2022-08-21,2473742.87594379,101160311.107924,3348111.12701081,676108.721322028,301621.376350299,67379.5078545183,181094.318964918
2022-08-22,2464822.13001855,29711422.9389784,1027315.50330046,257657.561638705,88778.2765984807,20702.6319965376,70642.8684137047
2022-08-23,3264514.5380836,33653178.2946457,1477679.53171535,303839.359711791,101342.614872464,29738.6824795638,81843.5150860493
2022-08-24,2692515.73846617,71399262.9962277,2436632.70024308,833490.682023982,214511.983975516,48298.2166045564,211963.6219155
2022-08-25,296259.735556948,16596259.2287864,700541.541113968,180175.609112313,49820.1520097057,14127.9306701204,46064.3224481748
2022-08-26,4642615.77277941,72354897.6021555,2592903.91497909,552138.330229838,217133.984147476,51468.3941931871,134303.889772174
2022-08-27,691288.81573171,46422398.9469088,2048359.87923807,442435.747037176,138382.737090908,41132.3796917399,115084.006363076
2022-08-28,2001307.51574752,67697083.707533,1921514.44739438,490038.660016671,204057.11996752,38793.0528437292,131737.50133992
2022-08-29,4467235.65804771,68084846.1829256,2742159.78711354,626464.78097264,203030.276252221,55639.3771247543,158141.372877504
2022-08-30,2195435.44359491,34744172.9328522,1606971.99045761,361124.851761817,105152.238762303,32057.3839630071,95943.9849834571
2022-08-31,3566539.5365525,47142131.8161577,1465503.0889638,343515.670674867,141762.778415298,29380.6768115982,87272.0601982432
2022-09-01,273242.624501742,4539265.30347517,219060.530317159,42807.7079134634,13596.1446681009,4361.18668699401,11347.7383221272
2022-09-02,810207.04129095,37343196.6695662,1480334.65352258,346445.722814482,111936.250157038,29920.2715882964,91038.2458501816
2022-09-03,1497666.01157357,61684030.1426604,2706938.7792502,487122.418296784,184911.700873079,54345.565212574,127761.559306018
2022-09-04,5069610.58046345,62891199.1048465,2260977.47145825,549074.360723296,187938.430993683,45136.0857166091,146432.242247911
2022-09-05,4758698.71143711,80401180.4449451,3520397.63279613,838159.996928032,242692.931652797,71009.965465092,218002.703262087
2022-09-06,6522433.58545993,50894062.8060214,1835796.38495658,569451.499463721,153153.722593753,36933.9220656828,145375.058214528
2022-09-07,8613542.6713769,67524716.6923408,2790547.78277743,448173.989772037,203395.118597421,55495.6900196648,116475.0562231
2022-09-08,4960165.01873757,53100707.0717449,1994416.13003735,501650.365983824,159468.340400612,40494.0865096333,136515.406359109
2022-09-09,2320583.60936571,49313754.7889717,2016418.51966086,380096.933171989,148459.681675572,40374.3684957211,91482.3262451625
2022-09-10,5772016.40690077,73809753.8482214,2667326.55228536,496479.896192266,220369.403064942,53055.0158364768,130466.663184842
2022-09-11,2771222.47066883,59036035.5975975,2363310.65492209,573452.844569495,177122.565129078,47408.4325457601,150892.460414126
2022-09-12,2312761.29269982,53805866.0885586,2510071.3073099,492302.332024239,162074.189930423,50276.5906265724,129591.265282352
2022-09-13,822271.908078085,37264001.6926103,1621113.06861054,437080.59017609,111926.781666229,32598.4966564138,102928.656516329
2022-09-14,6863284.71559305,58899322.0637171,1706119.08165888,417533.341525622,177808.217014285,34242.4384712907,112934.299340881
2022-09-15,4531404.89929922,63776812.2874332,2185192.27352809,653143.61559675,192364.785425181,43690.8385444178,171086.073798426
2022-09-16,465662.45888881,64610271.0581708,2309856.80765894,584910.117404517,192481.310887402,46277.420420552,157886.543438309
2022-09-17,4323336.64531315,42948614.903204,2078891.29415962,420849.267508684,128753.121624174,41705.2390512409,110276.38676779
2022-09-18,4062881.07786572,45949630.4154798,1328816.53262307,384541.398246731,138145.452442725,26603.4386457844,97339.76211514
2022-09-19,1015824.61477462,69109485.9203438,2334625.47440061,500015.167002046,207116.057202466,46992.049474952,126172.025514807
2022-09-20,8807071.34121885,73638743.6013717,3278894.8130756,574904.560169784,220847.858055039,64806.3977978007,148236.73704251
2022-09-21,581839.370207004,54741563.552053,2267902.40648383,491562.364739002,165244.905008664,45399.0487449143,130461.862556715
2022-09-22,3925020.55418352,45055437.8497629,2137506.65208861,463222.04066598,135365.791747311,42879.4215681154,119425.49814662
2022-09-23,4082950.69373976,43520831.6510029,1783468.66807278,279948.859711957,130874.284211605,35596.8008854358,74461.8419018145
2022-09-24,1580900.99316033,50378486.5990145,1997844.19411212,343130.689745672,150866.605752714,40599.8460440307,95604.859076036
2022-09-25,884433.873374127,30294168.2437871,1223306.1087021,264923.682049638,90067.0560940009,24627.5704484419,66030.2056553774
2022-09-26,2342504.57976779,46574302.552019,1335764.65160047,333983.981210777,139635.926513594,26736.1256665211,92896.1278798725
2022-09-27,5695663.27305336,80272015.2791547,2256333.99282057,592103.787718818,239078.420447628,44874.7231495558,158543.365268636
2022-09-28,4311538.46549973,70662110.8649503,2313711.68031645,709481.899824528,212259.518482891,46839.8425823168,181093.823438487
2022-09-29,1128246.54238861,37376194.9322857,1505779.46551795,372059.757974855,111529.584302931,30401.6688057797,99990.9835307547
2022-09-30,4992814.51217522,62234811.94127,2105399.67965626,474593.088407636,186669.270894343,42808.8531401079,120595.034472833
2022-10-01,5155896.00187778,58757244.4271113,2421473.30928731,405196.283908976,176566.861885762,48706.6937198585,110666.009131825
2022-10-02,1182141.90860762,25888296.4184989,1035060.12736071,236982.380679079,78243.8117098347,20804.4966383019,63686.806367671
2022-10-03,6115750.55789246,75355577.1316509,2299768.25712577,529494.270227444,225513.173978079,45152.1806049175,139418.643434727
2022-10-04,1754117.71689598,20761277.6525043,791255.505549353,234059.995782965,62068.8319743627,15871.1713866513,59825.4170342779
2022-10-05,1327114.9332965,33922941.4275749,1047899.44048425,312100.748394955,102095.992820694,20722.3734122026,81506.2908875997
2022-10-06,7902909.2141401,77060615.3895511,3178701.66327374,500210.317036931,230385.500198367,62908.911932665,135521.0323747
2022-10-07,3802593.42588554,49999468.3676918,1413630.63897227,370608.499843878,149301.690710589,28130.8401630071,97480.1946749782
2022-10-08,5021719.18656236,54989188.7867163,2167674.11037407,389382.530545399,163991.048336531,43582.2936583598,99789.0789270846
2022-10-09,1014920.96328833,28141365.6359867,1198613.73226688,216145.829474333,84386.7391076644,24029.6986665195,58389.8329416182
2022-10-10,1285025.96615715,32408539.8205661,1315655.24394492,237364.71808027,97191.5341214738,26706.5340242475,60005.5353143425
2022-10-11,2676220.51317262,63154577.5839517,2346147.83588752,520201.261080855,189743.636960054,46885.8875626711,127461.448546057
2022-10-12,2495237.12555353,52057652.3367684,1713307.92502371,474796.569592052,155432.215142892,34336.6874216711,121776.404562314
2022-10-13,5092812.66228598,42085440.6975614,1915533.35892366,415132.454812817,126569.02139305,38297.9196105319,104990.211974803
2022-10-14,2676458.03099583,35233906.2239787,1262279.00317765,231410.086289165,105388.865558859,25112.5214193697,65095.8869321637
2022-10-15,1810567.56214564,35475145.3367712,1224075.57445382,330879.214053513,106624.506221499,24460.8356189818,88184.8080402905
2022-10-16,11454627.6336089,86574652.5335417,3410681.79159783,808008.12901796,260139.084407634,68505.4097084391,203965.866820359
2022-10-17,6457172.19005818,50396925.0931455,2056298.30002598,422025.746621718,151136.634349913,41406.9765771663,103807.429735438
2022-10-18,5104073.07160919,68065624.781393,2536911.47662431,597809.766913464,203386.673672138,51615.9539336089,151397.893596401
2022-10-19,1744631.50060775,61412610.3967389,2799505.08081211,666063.588479782,184356.941662677,56586.1332069578,166557.565198294
2022-10-20,5102131.68863824,65005370.3096506,2445440.66799458,605585.551711842,195971.809068712,50026.7457586589,159326.053207218
2022-10-21,2930769.51439571,62287856.9321969,2472667.32480046,461613.65081594,187479.447029826,49196.4633153647,121804.965611313
2022-10-22,1255203.47602579,36620485.0889165,1165479.33349083,283832.414727723,109845.39427894,23439.3495654599,70479.6637383343
2022-10-23,3372805.02445067,35002622.9284175,1226744.94033241,381050.071697496,104946.123039803,24979.2962944668,98124.2053887643
2022-10-24,2655485.66198598,64272942.8821223,2297679.23107371,624874.469412887,192275.922282009,45922.8239828657,165940.373189719
2022-10-25,2177505.37002764,29894791.5756227,1435343.5156317,322239.215167045,89318.3461877399,28911.2944284057,79935.0081255784
2022-10-26,4043086.43986789,67652977.9143703,2277248.50772265,466217.707530153,203876.040632978,45372.5966468573,132505.37242653
2022-10-27,2592340.511114,45819667.7029542,1604885.29868832,399584.497092971,137879.25290022,32142.6532990744,105624.136442971
2022-10-28,5011127.84201097,50989031.5276297,1981132.14716218,362341.047321935,152837.804381737,40217.0669813689,96107.5272275297
2022-10-29,3847685.16901265,39816813.4589477,1521637.42323097,410192.882796928,119686.914673934,29850.3376482097,100505.802628373
2022-10-30,4987068.15670768,51755078.9305618,2304276.92377064,410616.248366735,155583.379880864,45808.3855027023,104594.120989379
2022-10-31,2684746.56928145,74038744.4010384,2830272.94973849,496023.070085977,222349.977027469,56816.5512482596,137551.955889451
2022-11-01,3771192.2121598,61267134.0523221,2763044.74811017,525041.991356781,183721.083196981,55379.6663152898,135272.568241846
2022-11-02,3218127.76773929,54026390.6728789,2082355.29888219,399428.993840244,162109.477720812,41350.9090690572,102293.19843779
2022-11-03,3346562.95270171,72522090.1461112,2105430.00033952,582485.16585684,218127.174160369,42456.2194129307,155417.158895728
2022-11-04,2389971.63997404,74976210.9208994,3542964.67315735,763604.507740583,225332.668687442,71637.6810263239,197630.023700916
2022-11-05,1970033.4579883,55796243.3445585,2246199.70754761,466472.638251967,168171.170523818,44585.3218468948,115606.614737802
2022-11-06,4535972.14814912,56562884.2393793,2006375.09352052,627124.935456251,169464.94267929,40440.4985817793,166143.504049706
2022-11-07,4537180.80432108,58259466.6517939,2414260.76201044,543516.658215115,174497.940111388,48423.6151148203,133900.309680266
2022-11-08,1342417.32160574,36919536.4065594,1638352.77914638,324379.339641611,110756.977306842,32800.9296708962,87651.7989204507
2022-11-09,2256927.18044223,41662117.064539,1285501.29113722,310621.520467116,125485.374248873,25783.2817229652,85072.7298135669
2022-11-10,7311653.53980573,88439007.8669994,2691670.44030588,789627.134524003,266501.836809557,54654.9743969231,199820.235055639
2022-11-11,728956.730734362,66466743.6440055,2877704.94522345,641211.650363606,199186.004519305,57983.8016108848,159957.972647428
2022-11-12,6737475.08520075,66654804.5057092,2257258.01491837,604853.604750673,199085.738955843,44795.8696667074,159326.568570098
2022-11-13,5205486.66393542,58245063.7342489,2345360.28455885,461504.797657276,174390.362740023,47790.6338884938,121576.343776426
2022-11-14,4784954.05165836,59115460.1097974,2714385.20138816,525284.742521697,175764.061509947,53745.1058280776,148029.689161202
2022-11-15,3115954.31034158,54406657.1848527,2367220.60404547,512860.574709285,163429.712659517,48222.1082545915,132533.78304049
2022-11-16,2143393.54215654,50856280.1736159,2174912.89305889,511293.79948068,153504.861891174,42966.8616984642,136728.151819088
2022-11-17,2351002.6575248,53402427.7312134,1838535.93017917,575238.532686985,160296.014813601,36727.8813843358,154318.334996368
2022-11-18,3788927.9918192,36616627.4684879,1507291.86302823,324384.092885637,109416.570213049,30099.3226746983,88437.5985118308
2022-11-19,5383208.56621965,94926037.0332973,3602029.61769947,829126.49750005,284140.470613534,72714.3026927863,212267.436890802
2022-11-20,2641636.9223095,61986167.6817273,2384925.96582922,667246.099946026,186528.943535051,47935.5311076052,174731.704384432
2022-11-21,5528555.75055389,52848736.9014508,1871597.73124885,407598.803125943,157411.088940723,36987.9601986978,109480.154965014
2022-11-22,3089744.13324749,70913743.2064894,2393325.30044498,680821.454309466,213982.770346553,48325.6452171286,187980.521519242
2022-11-23,593999.679748081,45271193.4999419,1714705.71386731,397449.164062893,136389.128854214,34345.0757553123,95539.9867899856
2022-11-24,6654576.84508365,83869815.016384,2547368.5659156,755659.724368839,252892.462402377,50620.4472589922,196602.941086216
2022-11-25,775408.242553037,46988525.9405125,1724091.13445302,441275.237122817,140559.187565422,34427.3908610079,114576.066271294
2022-11-26,308695.445253158,14605331.3994735,641709.92582805,152379.032753431,43833.6770257824,12960.7217536866,40056.51557534
2022-11-27,7464691.29437849,70736046.267765,2360634.39353278,747507.883140045,211997.780535944,47547.9877218609,205866.151282152
2022-11-28,9042583.94637928,66197027.7357888,2419160.89924683,745055.342280668,199244.958005733,48794.4520900786,194183.503177064
2022-11-29,3272169.31866845,45544894.766754,1469387.46272205,326799.63504909,136184.234620398,29447.2874355842,85936.8460081471
2022-11-30,1809687.22609439,30505199.2315341,1336344.4400157,265768.123819962,91334.2615819346,26937.4663399591,69690.7754787476
2022-12-01,939802.995561069,26464217.8954419,1096874.18391916,169031.57158666,79666.5995810695,21688.419484726,44192.22286454
2022-12-02,2869286.61716738,45890607.733914,1846942.54793692,493157.356391996,138141.02171626,37183.9010969639,126773.723393733
2022-12-03,1305324.79611177,26365382.3248023,774149.024098328,207586.319560802,79076.5788473255,15508.5481774385,51022.0152472693
2022-12-04,528255.46833508,44249146.9626744,1539262.48703639,316121.253819829,132665.321506872,31191.9348613943,83695.941754236
2022-12-05,2745902.10392539,54489682.5908958,2107493.77246439,541392.848576578,163159.82421568,41911.3841545028,140286.003867679
2022-12-06,2712394.72430813,72544449.9601609,2667130.85354899,541319.404287097,218154.336445022,53763.825468903,142633.760291115
2022-12-07,900284.424078025,42950770.2408419,1395857.1537032,356295.092124672,128923.806050405,28208.9491126573,89870.9321489636
2022-12-08,2052637.94363813,52098680.6987387,2210879.32787905,450289.450959196,156473.059930266,43559.9424184346,116606.721653732
2022-12-09,5246395.99638565,64510892.9323443,1853176.42960874,466764.412716968,192635.760611581,36715.2653089272,125143.797683635
2022-12-10,9057707.0634417,81444099.3707313,2669039.52378358,737977.226878229,244932.39304455,53285.5953820149,202674.645397168
2022-12-11,367788.976907179,42451110.1784697,1246357.65170417,314126.893282297,127733.658258068,25193.3820865465,80218.6069026732
2022-12-12,390468.452711831,25994640.084994,1174695.68230754,277360.509187962,77809.7354108352,23482.2457620927,67276.992651024
2022-12-13,426635.93822125,26040793.6136141,943479.824870842,188403.581709706,78073.5507296623,18776.1394023083,47589.3676969491
2022-12-14,2880905.32805512,61538179.9001259,2135031.48808406,623663.527574628,184600.640379577,42803.9418479625,157169.136301437
2022-12-15,3120336.77053996,55355178.9603338,1833056.21833745,474853.841396886,165964.972199857,36804.8931967343,120218.215468371
2022-12-16,3250326.46160141,66941085.5192901,2905433.03921444,571038.39798906,201943.796415193,59364.0525610881,144900.781463031
2022-12-17,950086.441764414,52085013.5486426,1699709.45013225,459701.26373119,155790.223501331,34264.8624483193,124860.975334615
2022-12-18,5934257.24665368,60652166.8655198,2650218.3160753,535313.009846381,182862.209548441,52799.6701175657,132647.512885419
2022-12-19,3123710.93056216,61927229.0459608,2568204.98105885,410473.344269696,186978.754356821,51763.1511702322,112679.951888892
2022-12-20,4894332.22379151,55246081.3595491,1718311.82790738,521876.062308434,166092.63030044,34878.7794991784,130382.788717239
2022-12-21,8958926.30629172,48022666.2376011,1968767.7692336,320656.803553242,144364.482967206,39868.2865687454,82470.96448757
2022-12-22,3697600.91871197,76417778.645168,2739790.06949439,636452.560121043,229657.10672575,54902.5032423756,170641.328094513
2022-12-23,1691981.2386322,48557535.7993854,2113581.39010138,372273.047349044,146206.828123364,42328.616930458,99887.1506686008
2022-12-24,2774746.07486905,65749476.7266235,2427682.92334978,554670.405330511,196994.391871929,48366.6712295312,150315.314042788
2022-12-25,3690842.31978925,55816671.1983104,1754093.39793019,563379.894692932,167049.302251557,35616.8092861068,142797.803915349
2022-12-26,1894041.03825208,86285187.2904297,2759374.5108349,717584.015715847,257752.674236209,55087.2941269551,194312.479115553
2022-12-27,931394.226069359,71575117.7337334,2260575.28007732,537298.913667777,213649.870844562,45640.3097361468,140831.215851679
2022-12-28,1568043.96466393,51962782.3034045,2018741.00297363,365882.39278632,156240.223175487,40285.964046261,98704.6971920144
2022-12-29,2752895.82592746,58518438.096815,2053340.65849308,422978.601223397,175209.79125797,40925.4673188084,111949.846196486
2022-12-30,2823714.46170909,57584201.3887237,1626947.50505627,439060.163296762,172742.41374002,32862.6466356844,110864.018782952
2022-12-31,903330.564624525,20682892.5808833,839672.695706528,162098.225480165,61630.1530037809,17074.0950904549,41211.1422085343
2023-01-01,12382751.758372,83480109.9389853,3219457.41055587,723144.820306486,252455.67614252,64433.9003606666,181849.812978882
2023-01-02,3154633.01745497,78885748.5935972,2509028.92703596,553775.869202423,236840.824023007,50165.4735552727,148381.817870472
2023-01-03,873228.809052546,42046648.114366,1766809.78338073,358406.073206437,125524.630297252,35699.0239951185,91114.6820851026
2023-01-04,2857165.82160503,56781292.8949527,2670625.69769045,561439.506756642,170993.447899557,53828.5474623389,142378.760555142
2023-01-05,2077913.7783281,55120366.5460941,1989757.50475747,573756.381851754,165503.107971015,40490.0687979378,147196.413591746
2023-01-06,1629865.01725825,34279547.9609814,1131910.92403502,349653.956800267,102606.77909412,22764.6991566979,90352.58064394
2023-01-07,4263986.3816364,73217627.9869502,2446331.87107831,860224.905546531,218719.822222885,48719.8383797311,210551.080762706
2023-01-08,1851605.23684689,54627937.3201721,2050255.20289399,402190.184619675,164921.759028951,41587.0179026748,97666.5125714777
2023-01-09,3712215.94296448,55270214.123383,2006465.94141167,509096.210740547,165908.580457598,40841.1868596574,140608.60347709
2023-01-10,4198296.02696018,65910109.6900902,2548824.63367583,438693.390780794,198356.338770216,51184.1107408803,119946.651432879
2023-01-11,685038.232718593,41873805.346435,1707305.40579867,278650.912383924,126076.606480913,34181.9211118188,69329.0254763258
2023-01-12,3342239.34880304,35626238.7325443,1607918.75614534,326741.097474126,106775.486550147,31892.4132178703,81789.1672752558
2023-01-13,4919901.24446118,55603464.3602099,1887351.71182324,464508.516999589,166751.890004364,37180.4463897366,120213.408152927
2023-01-14,906339.058365447,61553210.0623534,1966372.67313797,628274.693856027,184897.344642895,39726.8982238651,161984.31718446
2023-01-15,5428494.42389065,61885904.6882292,2497584.10780208,391338.461233623,184951.660892711,49794.9468426328,101636.445449117
2023-01-16,6611721.91661625,61513515.6132429,2939147.34653543,617590.494175193,185424.375889655,59072.1099815788,155098.071258988
2023-01-17,5750877.40947,65027600.2771524,2006445.669834,457498.114135271,195049.290264234,40466.9315004207,126981.78857448
2023-01-18,7100338.17847272,67980872.5724772,2805605.03967584,494577.003475947,203572.460249428,56136.8264536967,123829.493889337
2023-01-19,514632.470134587,33382460.2386463,1364977.790384,250095.812300919,100471.082827516,26917.4835447477,61320.843033609
2023-01-20,4904772.3221833,70666974.0117673,2749595.46486923,517736.399758132,212128.018862636,55300.5747997221,129276.79543203
2023-01-21,1555727.58245221,43682486.5969141,1437852.0641463,328815.162546095,130761.776335191,28587.3856383527,90670.793412166
2023-01-22,3422163.94683357,49129232.8913307,1785426.33932444,370248.100997838,147666.14771062,35967.6264471203,98793.3368988505
2023-01-23,3186287.15564761,49766975.301228,1889995.29778436,516806.563763216,149254.681227635,37475.277789838,131784.834459048
2023-01-24,1272191.90953487,28371957.3192972,1162093.57229463,211516.635662509,84970.9975173747,23160.0360452331,56083.8577068586
2023-01-25,3377912.85736516,51426143.6122304,1946178.90714646,497611.928377444,154863.073365704,38527.2889887446,125655.942448415
2023-01-26,2172259.2960621,51898740.2685005,2030094.91485742,328450.043654736,156693.577235311,40875.7717150854,87444.8873652832
2023-01-27,2612644.43836266,45367235.3997822,1605512.0323038,339572.967127462,135466.936561426,32227.6125041149,89454.3057406124
2023-01-28,1983423.02240997,48131544.2986742,1436195.50148671,353951.878867797,144967.881981689,29083.7697933567,99488.588591463
2023-01-29,741424.679475997,67852803.0625572,3209009.95391988,749869.21547584,204696.658683328,64806.0740967418,184046.184895073
2023-01-30,2155266.12256953,31117645.8776713,1320579.37676824,334039.4794302,93270.7398783096,26680.3622554288,83156.7627701513
2023-01-31,1172369.32675064,47752513.2186432,1735675.05488545,490105.555973887,143411.400278597,34686.2629571066,129363.888621494
2023-02-01,285242.040974365,13078532.7702604,451200.342100781,138645.414909264,39090.5845042766,9071.54209685859,33641.702386919
2023-02-02,692176.713191302,41640734.3381647,1411672.24564325,439675.117909685,125167.841715131,28382.7972179168,108032.429056346
2023-02-03,1653490.31492846,48624840.490406,1740147.09427792,370081.465020696,146130.700684612,34720.789308567,98018.7914638298
2023-02-04,10600371.7387387,78740803.3866572,3474800.48475517,690559.386565784,237084.015877817,69710.0431491668,176438.51976822
2023-02-05,5102758.67907613,37879418.5538557,1592291.87664392,317261.709763911,113666.768046988,32157.2545856796,86974.1708436566
2023-02-06,1590932.67163744,43262704.6768426,1398379.94457976,337559.044318622,130148.635693444,28185.4484775626,83447.9621848527
2023-02-07,1293950.34554235,28560927.8788057,1324922.8978474,301329.860544842,85487.355647117,26313.6502091294,77436.0323533172
2023-02-08,6033840.97277496,57693832.1976832,1779796.23760433,543639.323690028,172476.758116512,35571.3060378993,138932.45252723
2023-02-09,1758933.66903904,78291165.3141982,3035284.79546876,578765.547880049,235805.387140203,61103.6431703373,147500.168468193
2023-02-10,2537614.38713454,37447695.4048285,1515062.25290615,262776.142907273,112076.395242362,30491.5848633489,66578.6588856403
2023-02-11,3499941.12798653,47367291.6251385,2019968.70682965,405993.31665006,140878.049384643,40788.8845648643,104760.625903091
2023-02-12,4365508.45195871,75112890.1687567,2488373.09381623,758103.182227171,225006.076809027,49950.3921742214,190674.391901502
2023-02-13,2594028.71322082,42512862.8882071,1486618.31945585,387132.433452403,128401.299909411,29832.1930785335,102336.767546189
2023-02-14,2869782.38680084,63759928.2948007,2381387.27402764,616059.530076384,192144.678167022,47492.3463457546,157914.196324851
2023-02-15,1568333.0828354,59254041.2600969,1940735.65441602,590480.813477,177924.625306797,38800.8989424885,151224.830032088
2023-02-16,915576.854735014,30333103.6125218,1431978.74220932,300287.571951991,91051.5899983647,28821.2710048192,78587.5466162857
2023-02-17,1208977.19720349,74109661.7028337,2277830.13254014,669432.911457737,221832.284790932,45765.1219227982,183091.394396383
2023-02-18,6436460.12856407,69569373.8746861,2485614.83097016,616512.188782908,208039.635385674,49846.804634146,150630.961807411
2023-02-19,3968132.4666363,44603054.8953914,1692148.5007617,428002.869123601,134169.487092396,34003.0978767456,112007.164088278
2023-02-20,863657.412474728,36711336.9685866,1470806.84792991,386803.934809786,110538.538436788,29453.9248927571,98608.1912074383
2023-02-21,1652057.87489675,43988834.6423108,1793798.11044736,476234.338786706,131973.981105906,36006.0589675122,121978.118117889
2023-02-22,7142846.12133072,66141755.3059413,2938507.05189855,551890.672125731,199009.038602349,59056.3184912132,152340.984420979
2023-02-23,4229766.90044816,49604073.5608374,1569022.91972869,346337.772681733,148758.4576114,31718.9894452487,92097.6249250081
2023-02-24,587985.209286077,22621125.9613449,1047354.30562807,230457.238704012,67791.8085494715,21057.0096072746,52730.649966322
2023-02-25,1704407.85695238,50021338.1442585,2241896.75988225,455056.796253424,149870.11856579,44159.4913891657,120679.918952934
2023-02-26,2465518.39104869,74317107.0421317,2848786.10074354,476585.353216751,223294.790655147,58047.1087915256,124848.501527561
2023-02-27,3304476.32133962,32124944.3573027,1089641.93842992,367487.9578143,96425.7953017441,21723.6549860365,94938.7566954652
2023-02-28,2711564.99656327,51315238.1103639,1702155.04657663,448662.472034127,154333.793556993,33872.9532199948,117001.700455979
2023-03-01,1472586.1445732,36168533.4961649,1329201.57291462,283053.131417309,108493.979152013,26348.5296715382,71938.1585742236
2023-03-02,1917530.84820779,54762617.4660882,1872838.42394959,563096.156711564,164075.256388619,37444.0510697439,139161.3138342
2023-03-03,5208942.47656262,56852890.3752715,1701165.77322034,425416.622459153,169928.208582163,34122.5361308266,111699.292485659
2023-03-04,3037528.4154174,57155352.3726245,2409730.03005638,412277.170823029,172249.837449574,47570.8293147916,105810.855631871
2023-03-05,1221054.26813587,44612816.246083,1354842.1492923,376996.770651575,133950.843543533,26948.3634442417,105868.151189479
2023-03-06,806213.092153805,39866402.3375283,1421870.47371426,451930.747271068,119265.027304352,28649.0066139342,110149.619926421
2023-03-07,7463433.98112428,70926989.1152184,2811426.04414068,609327.421888656,213348.35757777,56522.9033450945,146273.28051801
2023-03-08,4390541.66513487,55174943.9222853,2054293.88176132,519172.29053449,165485.390037887,41250.9416531116,132777.470212718
2023-03-09,1935490.13533652,48543425.309909,1667836.23562154,499432.179698604,145466.156363316,33678.818003904,131161.498875394
2023-03-10,56135.8716266185,1288250.10468362,55709.526555484,9961.49886796774,3886.75385794107,1133.73944718798,2660.65345278808
2023-03-11,149425.153222791,35278762.2334492,1300590.80629447,266663.490254267,105127.095669233,26298.5392726669,70012.4947417155
2023-03-12,4628822.85872079,66893739.2644948,2050887.47308334,620872.929156266,201366.622754384,41054.9567937193,162869.052240535
2023-03-13,7710866.07126067,50879781.9772412,1668433.90217795,409186.66469506,152866.30822501,33582.3876615617,101869.789769148
2023-03-14,682012.754987999,31332133.2939048,1534273.1420047,311259.818564472,93800.9942724212,30630.3953547471,83736.8319847706
2023-03-15,1949808.5886821,50194194.2456591,2107510.4367544,352179.824264972,150227.495036288,42420.3505246822,92419.8887511944
2023-03-16,784014.815468446,46553704.8839612,2000490.51140482,436221.972031525,139425.868257181,40047.8359057785,111968.221242742
2023-03-17,981482.03384559,47201243.5135184,1757509.7163211,392615.777373175,142572.462501679,35035.4576946792,101247.840288971
2023-03-18,4550831.57388243,67461586.2599866,1923291.21410919,570015.584362094,203509.116352475,38117.5928844188,137034.548340981
2023-03-19,7794909.6642683,81495599.0656382,3495776.04550545,660208.558424925,243213.877042508,70337.4024832166,167536.814297168
2023-03-20,3984943.9190861,71891087.7604108,2393694.64100025,600094.729172532,215420.314321925,47654.7183592267,164734.150099985
2023-03-21,9739398.36527241,68532511.9513256,3023174.75610631,704703.530642286,204319.081229653,60664.7874404001,188628.384727054
2023-03-22,2738186.81291251,45323816.7999311,1543638.09980602,471502.222239867,136514.217666361,31300.2337673923,128198.815816399
2023-03-23,2704416.03076529,72729706.0495931,2807675.96241083,539345.867905508,218008.849305633,56350.5180868406,139075.10400642
2023-03-24,3860338.77526093,35085656.7979243,1143509.00273788,369852.561630538,105711.731701831,23148.21797187,102032.474801667
2023-03-25,6367912.01682374,51938469.6597428,2332500.5673688,407923.170098491,156129.271355463,47088.78995072,111859.798182072
2023-03-26,1226868.96696278,93714251.2970376,3006152.19113732,766224.864617007,280312.209823816,61252.9813357923,205978.599487742
2023-03-27,6868863.3929955,52925352.5278286,2259589.92031044,492110.709024466,159325.11184396,44940.2252799325,123451.861888247
2023-03-28,3211792.24053803,46744348.2226026,1516788.31032468,502486.951724091,140200.411232151,30238.1176820048,128030.578488776
2023-03-29,692458.454996456,41391632.346333,1740518.60682787,438206.386773916,123708.12691708,34929.4392410471,111941.087776642
2023-03-30,1000025.06188959,69234118.2628352,3062881.286402,560319.590243306,207295.553789979,60565.7967527674,138265.49964452
2023-03-31,4900635.99979795,81313470.6794866,3836503.42739388,834825.189955006,244352.24984614,77223.2152335028,218043.471096537
2023-04-01,5631536.34776012,58301136.653512,2421266.45786316,561653.437310632,173165.537742168,49231.7053362425,147818.460606293
2023-04-02,2340047.42834804,49965288.2062922,1764783.88272424,446600.342127141,150091.442567122,35069.6299684205,117712.439655062
2023-04-03,3407867.42827289,83656656.5769915,3245092.41101537,821491.638027122,250339.245390147,65166.8155762929,220872.303633929
2023-04-04,2782942.93624782,41309421.9725354,1868430.78277787,347444.244298236,123933.736935244,37652.6467268528,89530.5939938089
2023-04-05,6780328.80524185,78320033.3904561,2592780.75649965,605706.987203019,234569.20643658,51663.6480423174,155920.396849193
2023-04-06,2365880.67848608,47958691.6787705,1626692.76760036,424928.430500455,143639.859630144,32853.1206843515,110372.506877139
2023-04-07,1591466.5203755,38280382.5122178,1277664.71982787,325106.942903102,114650.832623784,25698.292458804,86476.1379154382
2023-04-08,6358040.58540879,81306777.8816255,2413524.97430245,605997.338326615,245480.701312645,47940.544670995,157409.291891038
2023-04-09,813651.018345354,24533664.4782423,991112.770225825,217764.827502035,73851.62465925,19777.7300302957,55394.5778209154
2023-04-10,1832928.98094608,50742960.162294,1924822.02730163,390985.021701184,152437.575221989,38299.7486359347,107437.682307004
2023-04-11,7854392.32492034,50115803.901623,2380998.86666882,536290.206632007,149529.376497146,47655.396639688,133366.75119804
2023-04-12,6750611.78900642,47710312.688031,1864401.48504417,379976.198401448,142733.286544758,38026.9526073593,104007.988981189
2023-04-13,632839.314280776,25839298.218154,867834.197142127,290164.452305178,78033.9334761867,17368.4636675736,69796.8295681205
2023-04-14,4464228.67229629,40776283.9552989,1561045.68391833,439552.014487082,122112.950993995,31463.9846439356,111282.948743784
2023-04-15,2211056.53110086,30768068.3443056,1103235.57200992,233389.283749067,92573.507515088,21996.691388337,58726.2266515096
2023-04-16,7891890.79377285,86973010.7864576,3934049.2586995,724818.744314195,260210.209037803,77880.2686642042,183225.88759428
2023-04-17,347369.875725608,25392367.4572889,772784.074803207,208912.808426108,76355.7714678103,15382.7275596667,51578.5381325373
2023-04-18,410094.679738074,18475746.7449109,706988.648227365,178216.870454696,55427.0781243218,14249.4631232888,48711.6151928864
2023-04-19,1714929.65125937,59924290.8244203,2767771.58779545,617290.346737706,179769.111199134,55553.8797510532,163441.861744247
2023-04-20,6085037.86394768,71141769.2702281,2327897.61017976,631593.08504729,212588.655098609,47541.6009394583,159614.184734765
2023-04-21,2761205.53196478,55191877.2428731,1796850.41163025,421380.68873158,164824.598142642,35963.4868566466,108613.095112309
2023-04-22,746118.010764422,56430963.8446185,1725312.81593076,415654.525512436,169406.221126233,34523.846225626,104387.883852581
2023-04-23,6181323.4949091,71150585.2512826,2027713.21794723,572351.037775239,213299.648024803,40885.5769602276,147319.092062479
2023-04-24,3936968.67833934,83772520.3592802,2369139.96765281,646706.135767271,251105.610989474,46914.4309677932,170851.853585913
2023-04-25,1402344.93427537,27051098.5067608,1050424.20553454,242066.775761443,81047.042593204,20913.4446585358,67983.9978055375
2023-04-26,3937684.89905805,79151081.0072525,2390143.73932998,669005.996296977,236060.728991708,48181.4074176665,175207.571254598
2023-04-27,1421187.31223063,55904240.939248,2267109.05825148,525525.948095136,167930.825947806,44896.4799576163,135773.867464343
2023-04-28,880892.914762764,50800891.4252149,2064593.43641784,382878.701173789,152357.38896489,41181.5952417758,101526.671244764
2023-04-29,3816262.06137445,70248986.17842,2507853.62200924,747382.408470491,210369.939868588,50816.4833331387,194327.990812651
2023-04-30,5606738.54792442,68471714.0632503,2584839.14722802,666577.047107094,205168.642342689,51991.0235330354,165817.70263162
2023-05-01,2011634.57524347,69370867.1972126,2535653.85753261,761938.497208497,208855.511403267,51238.0166460537,196701.720544301
2023-05-02,1253364.47033406,50204326.4243609,1834406.56190732,428403.485750254,150489.416106137,37504.3075112427,111890.26201914
2023-05-03,3343915.85325983,70368195.3935491,2224632.75519599,552340.161086656,210405.304643651,44718.5473806169,151493.392943889
2023-05-04,2050675.62409395,60542431.7818993,2004313.94429959,543344.285669723,180109.305498008,40285.2445185585,138178.013304553
2023-05-05,4203703.27001294,44067337.059872,1918919.83891374,382218.454638558,132027.199598099,38836.1455200424,106416.699403717
2023-05-06,3901996.29664188,82237566.8327871,2853213.33751733,798432.853212514,247600.917015823,57192.7128014448,199929.6726167
2023-05-07,1629672.16688381,52442713.5604121,2404043.91751059,501586.840421253,157060.526944416,48528.7325900622,139583.422351034
2023-05-08,3544484.86907,52610736.6523922,2095984.3500863,476058.771758599,158916.545860113,41888.4637563532,122726.55279972
2023-05-09,5372025.34260897,57917822.9983997,2176572.71788491,604492.584279456,173301.190189317,43676.9487247477,164919.021152818
2023-05-10,3892572.5921781,60964705.6052664,2092217.57626889,525383.113255353,183759.695389194,42166.3663914164,142047.390344951
2023-05-11,5689979.82787662,46921651.5410041,1675310.55269114,318634.834991881,141099.68394738,33975.9882021572,83347.1863661079
2023-05-12,1903291.62133181,57358600.6172526,1790612.31995653,469727.554094814,170235.705320618,36019.0661644854,117427.381005653
2023-05-13,6392146.0318003,106751829.787476,4260823.60950434,702502.09961861,320218.16854895,84850.3791656521,184575.901163962
2023-05-14,2518820.09293888,58013097.6362794,1937374.66480452,440646.318870601,174124.59021529,38453.823302023,109162.27600436
2023-05-15,1145916.89720806,48693450.8417025,1705897.76217124,427909.054799202,145815.991289334,34311.4936573063,119245.325910327
2023-05-16,4542427.76906092,68721953.8692212,2397585.9030025,575024.93940347,206926.390612606,48090.6938526098,147415.949140984
2023-05-17,5463646.39125153,55966073.4478284,2382387.99779653,600980.24879019,167364.357523298,47693.565531619,154090.151588742
2023-05-18,3371500.37713647,48648715.723404,1744579.34449437,382103.767590981,146232.97429523,35390.7128988405,93546.2052019573
2023-05-19,278107.118073148,34745235.8252926,1176499.01832838,360062.132403202,104537.353444472,23326.8513222288,92863.5141415916
2023-05-20,2301795.82725825,73623869.65318,3028768.71379683,524134.096208324,220400.896454315,60825.1224767078,132554.121819389
2023-05-21,3961043.77388921,51142180.7700945,1722473.87932694,584018.979213997,154443.232850498,34789.400426199,151651.868223984
2023-05-22,2565569.37562455,67874517.9615096,2227878.0661871,483778.737423114,202732.250473751,44365.7818488257,130126.689955038
2023-05-23,2491867.79538244,48457976.6689967,2156470.11026379,435803.751175786,144160.86803119,43048.7095160295,112657.941980368
2023-05-24,1930647.091223,29493322.0511948,1018843.60879743,207373.52520103,88823.5979269974,20393.7974913357,54571.5774339399
2023-05-25,2576834.48297138,56068648.6810774,1840554.32271562,534106.201662228,167695.574441353,36698.503134842,131515.382251394
2023-05-26,4723826.44361159,89939197.5263001,3310451.70461923,862618.1291049,270492.750428954,66696.9923518433,230867.927215388
2023-05-27,1383129.61272383,31522233.8916413,995914.729947105,260209.667115891,94900.6530698355,19565.4462934767,68356.7320065843
2023-05-28,1764258.81325039,38073959.3087853,1609596.04691674,312795.104586497,114724.328171561,32648.6868053801,83146.3557482855
2023-05-29,1085812.23656004,31024299.9006594,1350239.98654929,287299.189069583,93116.9966683295,27113.2975779977,75164.3313033773
2023-05-30,391920.439649343,45857412.460345,1751394.74143879,474354.427560526,137044.55987169,34955.5924311989,120486.686523806
2023-05-31,7121655.07123742,85930417.1893383,2505470.51844958,622016.639367369,256557.438068671,50143.2947166014,160444.692012696
2023-06-01,7688807.0719844,49005967.5720325,1684711.50205026,485542.218442454,146519.023216621,33447.456147933,133701.795060029
2023-06-02,4561074.51890523,52538435.8988072,2217256.38664768,378856.35702899,158153.521255539,44179.027735263,101110.287585208
2023-06-03,977504.057674903,32937058.5818891,1393174.77840547,275006.854581951,98393.1323277469,27867.4712033449,73876.6861092006
2023-06-04,1198486.40601361,52153657.8416237,1690880.4726472,540656.308875931,156166.630523014,33758.8774651527,145601.133711903
2023-06-05,3605573.74466148,66356290.4414474,2703488.06209871,680484.539659817,198196.640385768,54479.4976221437,179856.504134177
2023-06-06,4209240.85861856,84793403.0271406,3902697.1811517,895712.096881905,253550.091894713,77996.9697902296,223474.51750108
2023-06-07,1142234.21240559,70448123.3588324,2467606.4487313,738704.517917584,210888.432901166,49609.1322854305,199972.06234494
2023-06-08,887348.86027422,36810056.4870362,1471983.68291192,392885.076168612,110527.500566733,29488.0184035779,101982.146460983
2023-06-09,1813972.48081374,48965650.3888727,1417305.72879749,372042.79946303,146413.493575154,28038.177493927,104235.325392409
2023-06-10,5343207.56405947,63406544.4840143,2357654.22474169,590717.984451859,191225.572244242,46996.5482208626,151523.435060482
2023-06-11,3153893.15153616,60076591.9504108,1806892.09928956,408882.720324529,179650.007309405,36430.6118056578,111915.23925948
2023-06-12,2897644.01166386,61967538.7305908,2491995.13797016,455347.754759218,186706.047800003,50338.0641218165,119488.918040057
2023-06-13,5295088.09278811,35862190.3545523,1031708.08219947,255120.118155594,107791.518327782,20751.2660459997,69227.3372890833
2023-06-14,2915011.84370576,49521462.4043006,1627273.52758103,383631.586558563,148683.36580644,32704.0701775838,104959.577281621
2023-06-15,1135134.18535622,41748259.8033181,1657294.90945977,280196.013446969,125295.984338233,33466.0897965768,77597.5010972001
2023-06-16,3333056.40288197,40666877.8204599,1417141.98473853,315213.479325507,122318.887155885,28526.6858545775,85298.6345284133
2023-06-17,3187493.91838043,41491473.5345379,1477142.2033166,436907.983598615,124539.471820317,29527.4654888651,103043.002468607
2023-06-18,2177233.26075066,51212795.9745486,1798164.99135263,371580.957818636,153022.487324399,35952.7667332198,98545.6889905699
2023-06-19,4740179.69121789,54591407.4248858,1942995.88792052,483303.414716468,164111.056803342,38826.749020456,125495.404862149
2023-06-20,3202649.14991621,70080153.7213677,2282772.38966306,564232.582724563,209880.249918482,45385.1344314962,137079.507599507
2023-06-21,1796809.63629708,43988059.8930755,1802994.23797285,435533.851823062,131035.216209592,35953.1208254787,111093.585599333
2023-06-22,8311999.69012303,43415242.578851,1288534.29366107,331992.952288454,129979.325001421,25855.2036430442,87464.6094226618
2023-06-23,7925440.7635667,79416192.99857,3267900.31871868,701037.950000783,239299.814242992,65536.6775557494,185780.265882545
2023-06-24,3372380.79945661,67133205.5100321,2701135.8677287,685226.950479677,200817.738309046,53650.265193508,173918.637181279
2023-06-25,3230677.58472705,60000011.0817037,2497648.50463464,648576.493492278,180495.94821719,49761.7737549574,168426.863968433
2023-06-26,17065542.1934125,90373915.0577871,2949887.21778774,659441.71517275,271821.252825735,59410.1450762156,167765.669394589
2023-06-27,229845.844651533,40114602.3573737,1542300.43739445,305297.641728858,120196.11558842,31085.6019897348,79944.0878955781
2023-06-28,6348755.36053295,89257179.5487414,3002985.10927919,842480.342626998,265751.960553693,60684.9410603174,207444.856581923
2023-06-29,6661134.66929712,78514173.6936815,2507689.10095537,598427.547510381,237425.962161464,50754.323280691,163464.646973903
2023-06-30,7521256.34069037,59809809.0989203,2340092.35898319,477774.290450217,180618.736724764,46992.2863200315,132091.278152964
2023-07-01,6156877.88329372,60288475.8896484,2493683.22858402,597749.459075374,179865.556853013,50216.1707899504,161351.570749702
2023-07-02,2794273.02574052,50229411.8823085,1837698.55375964,579999.805449944,151375.875679351,36862.7263345305,146895.542231221
2023-07-03,3269757.40053522,51938228.1316343,1757164.19268996,481861.325153298,156338.555881564,35058.4403661533,126520.424609388
2023-07-04,446807.124422692,27889780.1158247,886766.347764244,278387.930324747,83584.1836726215,17792.7663411608,69999.6939792876
2023-07-05,2282043.3046685,62372241.9317139,2550419.95998018,641066.694654484,187312.74968868,51487.9449214556,164458.289971729
2023-07-06,2960209.15286154,93472097.1584981,3689249.36347589,708289.011620921,280402.548880224,74304.6097369857,188525.181193355
2023-07-07,6217791.96072132,87119020.4352178,3856199.36378798,767817.597422715,262328.995558304,77166.310746712,198481.989362301
2023-07-08,2640783.69428657,60970985.4683798,2459019.56280388,451085.062044018,183212.372266242,48814.2904379519,113952.770008558
2023-07-09,2772144.87481299,57364849.5779022,2336632.05723244,363724.149957699,171888.546312806,47453.5142774193,98870.1605176694
2023-07-10,8068731.96069838,54896671.9668393,2432945.9313195,535818.027384506,165473.55912863,48383.950991004,133341.939338298
2023-07-11,1491952.13636717,69031537.500632,2223334.68277135,710742.462471376,208078.169281201,44442.4355116294,191072.213039599
2023-07-12,3870054.1002881,80637898.1988619,2842917.51877588,651636.354577271,241082.104040582,57439.9744368717,178207.803782787
2023-07-13,8177500.2896277,66994872.7063117,2320821.6399036,450395.340763419,200537.618054136,46613.7598401644,122643.037359102
2023-07-14,5345370.26031163,66684344.6012313,2838890.71047801,704562.381353519,200015.588469055,56503.6205204778,183908.664531873
2023-07-15,2713129.87474664,51099096.5812482,1996313.05593546,543570.342306791,153396.022008442,39721.4491896013,133174.944402601
2023-07-16,4810449.25295166,60113640.4688232,2835580.34909723,546255.41352695,179427.129962699,56566.9855937146,142778.104778314
2023-07-17,5064347.41556524,76782458.1327191,3176100.22979259,596512.147278636,230321.053182252,62264.7627368809,154978.185444354
2023-07-18,15014212.4741203,126536039.510083,4909879.37785644,804207.826100345,380532.0994813,97607.9355030217,214817.327689707
2023-07-19,6106250.32074907,52051133.8197398,1709018.81900185,521896.061320933,156018.924387047,33945.7031886784,133635.112864869
2023-07-20,3650503.96824953,42020601.8401835,1332726.4077875,404711.85215126,126763.211677061,26465.6800217061,108956.376612571
2023-07-21,3012107.68590617,56496170.3999043,2626544.28193645,585303.25074393,169765.391683964,51875.5467974171,151939.857260153
2023-07-22,2600793.10618979,44557065.6652482,1474431.48846787,463740.767644941,134080.16185504,29396.5926399088,124940.720868674
2023-07-23,3570255.30838586,68701849.0185854,1981330.12077789,607277.07156666,207214.70296106,39609.9470664051,145703.664424692
2023-07-24,923028.235177226,57267606.9317088,2561492.32426294,554830.16070981,171686.841493809,51764.3104063053,139673.688013339
2023-07-25,5505882.44441078,73876612.5547331,3157640.8227929,695457.256810166,221709.402083576,63704.2612921886,175203.052928203
2023-07-26,3567572.69009768,37723849.3049384,1263044.03258062,359427.925092317,113296.153279162,25530.5334354729,94195.6649192283
2023-07-27,2505165.0837679,34510657.4051291,1172360.09980917,316231.775746689,103703.504890098,23425.266587482,81313.7073843375
2023-07-28,14873973.2584494,88323689.3423038,2690273.110731,651046.677635847,264608.642091544,53606.6095315706,167542.05419835
2023-07-29,5023878.45167548,63195556.5321069,2612517.51491168,412354.584112813,189602.4446487,52030.2305238634,109895.904806543
2023-07-30,1840148.72902883,43309972.3040053,1230540.57154895,327444.551142358,129689.670762187,24478.2428000879,82591.0206936645
2023-07-31,3376471.47882805,33639472.7057057,1365303.53213576,370766.501117762,100435.879156291,27091.5913180852,94095.2884854043
2023-08-01,2644550.30097058,43997832.5035979,1857787.08919602,398108.44265083,132003.185331965,37276.4878351468,104484.498276649
2023-08-02,2229894.00793145,69314384.0452005,2364805.58199317,533199.109791224,207664.82798442,48246.0386973069,132135.273431972
2023-08-03,5463013.49119855,44812060.7265417,1666940.35630275,427676.09212113,134838.250225562,33399.2148043323,108034.993897614
2023-08-04,4709804.94387358,79495848.6140512,2803524.50703106,651240.500232365,237372.30276409,56145.6551884771,169666.658423819
2023-08-05,4493994.75569316,56313670.0628817,2624579.45112709,527750.534018509,168149.173001139,52272.9234282785,132962.366419242
2023-08-06,4164347.08383976,52484402.3266218,1972448.66788165,546024.088513232,157938.916600845,39346.3093012227,151302.853037364
2023-08-07,2721434.29986437,50337371.1703012,1834207.02103164,535256.115185988,151075.244235423,36717.7867648341,139654.99613712
2023-08-08,2509027.5961006,54290769.5006573,2124981.7290337,346155.357628556,163718.528118573,42675.4305760723,92848.3084901772
2023-08-09,1159204.13760587,51008718.5222618,1918378.09794656,487714.367104387,152894.447305267,38718.2273077061,120619.410680883
2023-08-10,2968672.68615282,80922977.8601027,3246652.52213966,502988.741253731,242916.038947549,65800.6223036488,135931.196742454
2023-08-11,1762095.93810677,34563603.2824617,1296776.01500493,276434.449696906,103554.266025754,25907.4717999696,65661.8612525453
2023-08-12,6834402.69317659,76770812.8591267,2954825.34687936,537999.48225681,230167.333738013,59324.6324693914,148184.911318413
2023-08-13,6091333.77871039,53305562.8286614,2173192.91246176,363003.778528413,160126.933988451,43813.2810286284,89991.3653129947
2023-08-14,3799961.92178773,61133333.2583835,2239414.69023252,696149.373696916,183362.347099187,45185.6002452804,173924.377110623
2023-08-15,8648933.78140077,51211712.8979098,2303512.62487252,481522.29494308,154176.806027357,47005.8278438948,121975.917750373
2023-08-16,1817585.7005509,31502092.349134,1095131.98254654,315176.414175754,94818.6567951927,22115.666553446,77484.3862260862
2023-08-17,1107721.63953644,56837968.616864,2266102.38173779,577183.348095722,170142.809517214,44972.3864640276,148575.330946541
2023-08-18,887658.890045025,43297135.1215736,1420427.89861559,450139.103343301,129896.084790012,28261.508872282,107001.941639285
2023-08-19,2911187.02415814,66681525.1412716,2867752.03897688,690517.343942942,199470.15601368,57870.8620327506,184098.217405438
2023-08-20,2205287.62737872,37593001.6358384,1626309.9888803,392324.944159623,112727.973130862,32747.6227796584,100751.101007991
2023-08-21,1284749.69510981,26160760.6131574,775478.182431859,217887.752561976,78555.9996721267,15553.1435799088,56112.8429964192
2023-08-22,2309361.6002089,41484536.7972279,1274839.17425724,362927.417766891,124124.02521575,25465.8138948713,94009.1606329523
2023-08-23,3197878.6014686,49049092.1836665,1860010.03332925,332289.319880975,146876.154771009,37264.591235476,87656.9817578798
2023-08-24,1412687.3076085,40008831.3926283,1500207.66877595,380016.197076516,119975.297890978,29946.7845708193,96484.8496672874
2023-08-25,1476885.44031439,49185536.8386988,1541648.73312044,446431.37526956,148050.998114847,30877.1728475328,126313.419632975
2023-08-26,1834776.19994389,43448639.9948629,1596126.71333637,394081.810370972,130336.402736567,31938.9589988044,107191.988653857
2023-08-27,3399686.81001905,44980411.0900292,1899275.61926271,454824.908521658,134430.871949943,38298.2918648629,115196.616709233
2023-08-28,766700.133915382,61764420.130152,1959177.33349333,532069.196761058,184458.394473435,38684.9696964969,138655.779670933
2023-08-29,1046791.75817186,32895280.1298751,1319939.43330343,309349.591837142,98221.0070666717,26783.6186348638,87630.7131294944
2023-08-30,6854735.62523845,69748725.7661718,2304334.23752547,570123.400641024,210200.547655203,45767.9124381229,149049.306408915
2023-08-31,3394953.67679326,54021466.9595371,2390037.23972543,454666.678574574,162053.82364865,47978.534521924,118712.058224387
2023-09-01,3025513.61565704,57255521.4697323,2103151.76037121,431445.536277274,171718.01250684,41987.4389346587,111471.771467002
2023-09-02,2791289.45720385,22585963.1221159,848632.975853129,156837.707011847,67627.6357251942,17053.5159528624,40695.106323941
2023-09-03,1683492.66019097,48334997.2673285,2245993.94530795,438272.808402358,144615.437694989,44812.8997800751,109448.75458128
2023-09-04,1280536.49817306,44071490.899345,1949961.86687253,408208.556910539,132170.47551435,39134.5852043546,102130.328838149
2023-09-05,5451466.65833053,68400018.1606089,2517235.03383158,611634.818432509,206097.129309308,49845.3914060382,157787.020856183
2023-09-06,7182202.83564275,74600001.4694823,2702818.70784755,809122.326691645,222576.715481663,54308.6541495895,191196.681473007
2023-09-07,2325250.96512925,81830077.1072349,3010486.50034052,554538.011858805,246203.863322594,60193.1205616593,145727.637640729
2023-09-08,1241880.08714237,36112213.2793059,1266632.76701416,314600.438969319,108280.595945112,25456.4121171808,83929.2457224917
2023-09-09,4185334.7905756,44095339.8257526,1779985.51253794,333640.673762827,132366.920018525,35896.724673713,81130.9660414053
2023-09-10,1660077.15273996,54551638.8409058,2229601.4630831,417106.719026214,164742.286946807,44586.1955190481,110719.529819473
2023-09-11,5331803.1929012,40021741.7937124,1473760.99790758,266468.879955604,120919.536895118,29532.9325706711,72581.8417480656
2023-09-12,507818.48129633,27441841.5722025,1114352.03348235,251223.337888762,82888.8713485096,22176.9752714228,63502.9339820606
2023-09-13,4392819.05450659,61364234.5126312,2726057.57241728,672082.857421432,183811.898817513,54637.6544936221,169685.513291388
2023-09-14,6489301.42838851,58730252.4728272,2098288.54900308,463211.202355101,175591.207541478,41617.1948613447,118607.250403075
2023-09-15,5916669.24927293,60386231.7276276,2586345.58638168,592119.780232093,181579.878675601,51448.7378414592,157410.983455749
2023-09-16,1064788.90503501,36110955.8504234,1337558.40994018,267039.414144621,108323.126032315,27007.1464292823,73362.9522556834
2023-09-17,1802193.08244778,45962612.2749844,1513451.18212092,486828.604770492,137597.904179984,30112.2725795101,127244.339704443
2023-09-18,629939.385038715,34907052.3402545,1135008.45785184,343431.752459438,105140.22183452,22970.1716982686,83764.7430249008
2023-09-19,2117771.7083775,39356018.0650843,1431156.65924853,383993.881694085,117857.047441824,28713.7919295948,99487.6838650666
2023-09-20,2924956.92381101,57415141.9269597,2279836.93920674,541066.67396979,172544.649756735,45533.4165651348,133843.137858634
2023-09-21,4155107.32334626,39197169.8702202,1692322.72994199,383606.719219547,117718.833450965,34063.9267939502,95717.9479268114
2023-09-22,673299.086593982,35700192.2509229,1506467.26169649,368904.962034514,107079.278934864,30244.3330816959,92331.8365220951
2023-09-23,2742679.92057525,33526824.7235846,1397007.68627052,242010.045567751,100736.076597638,28200.8825780388,69446.1949234058
2023-09-24,2337126.93193067,28508525.9246405,1013410.00904968,312109.974642462,85586.4923340629,20148.5641747654,79842.766340384
2023-09-25,1216937.88494794,39555082.8451031,1449390.75287972,393620.42161581,118634.475825354,29260.9602837203,94819.7705672587
2023-09-26,3168603.42176301,81034317.0430885,2516514.28874105,790126.796208341,243795.109931911,50300.6393004049,205284.1711491
2023-09-27,543117.993632475,41762979.4140681,1857824.57360364,355548.057441535,125436.323740858,37620.8031051166,100379.613506628
2023-09-28,770248.045592484,39519439.4658846,1233831.50068139,275953.172560781,118840.188664559,24459.8025320813,74383.1462407644
2023-09-29,1132040.48607868,28462855.9950963,1058908.09225854,327911.464259024,85382.3692431487,21295.9621278313,81771.1239921837
2023-09-30,2805328.58971291,52646011.1881831,2328530.58461058,409675.157216588,157358.313678333,46570.9552592793,110006.362383624
2023-10-01,2499502.67882138,44708242.1097278,1981893.41930331,478268.71627378,133601.124229439,39912.7677664233,116085.41676126
2023-10-02,7315735.57801889,54130310.981182,1884207.24455608,589802.876894405,162579.28001449,37915.661272125,153711.990688173
2023-10-03,5380955.56463322,49834684.1239229,2000405.62381923,441608.547991108,149816.502536314,40251.9634481615,110660.890242328
2023-10-04,1358525.51183969,76726169.8850095,2192936.21749475,545733.376738042,228075.71183093,44220.3042853048,143470.745137183
2023-10-05,5818543.62444608,72791032.2307941,2563407.48065537,506522.439628104,217447.22232461,51231.6052709214,132330.284533235
2023-10-06,7484611.14922548,73601127.726056,3160098.66327161,572382.824817892,220462.981180694,62824.0515345496,151319.927425609
2023-10-07,995952.142323805,56000576.8712089,2645669.18476171,487993.14405408,168085.152037138,52409.1342551476,132855.919745554
2023-10-08,854539.834255949,80506663.9767346,2871264.77610213,522066.658540229,241334.936118,57805.3502570733,141295.979832058
2023-10-09,1142594.94544223,52873098.7948816,2235621.43553372,498368.381681719,157693.557489572,44674.8123907169,118976.358747223
2023-10-10,4553906.0798567,65875745.5057697,2366859.01186278,697628.395875287,197901.076566896,47813.4382289119,176577.990599229
2023-10-11,6138425.77097394,48043724.422065,1740939.17046614,556210.662660178,143675.572167511,34784.3825874761,134741.871378098
2023-10-12,899962.16717546,41512293.3823362,1434179.78016812,445980.09936806,124675.430598689,28798.9082166511,107374.709704399
2023-10-13,2030445.63580378,37558100.7677704,1502448.41984633,249441.423673103,112858.16573816,29980.8584618392,64150.8666574871
2023-10-14,943904.868250254,45762021.9763887,1347772.80395567,350608.959008587,138377.332862153,27025.8528304266,92705.5151449839
2023-10-15,1785317.21877812,44276072.5265294,1414843.11294189,353225.091312481,132438.797114722,28054.6567359373,93638.5863651961
2023-10-16,5237482.75108136,58941086.7601452,2781700.10338152,563661.058953268,175938.720293631,56596.468211839,154072.564109196
2023-10-17,2349714.49624991,52968551.5105091,2134501.1173769,480314.452073653,158430.105031189,43458.8972267855,121901.051348929
2023-10-18,1294547.23676886,47533883.2283343,1365341.33046976,366238.229916507,142625.460919847,27344.5379667382,95996.2837538675
2023-10-19,1841634.4125959,38817152.1067481,1560155.97983557,367911.452562857,116637.963571597,31024.0127461756,91504.4171311528
2023-10-20,585389.359427423,76328190.0195326,2815822.2560743,731082.034838835,228012.887145355,56245.2533847725,196010.447021601
2023-10-21,3250574.26637212,51382654.5405131,2128564.77200429,432158.362066498,153296.628164951,42675.1234743066,109353.319085281
2023-10-22,1667749.5590432,32203442.6586879,1086102.08686813,331615.001254386,96733.7400515982,21657.3227654048,85728.5950233573
2023-10-23,3136710.0657909,46409994.9099194,2063438.58289338,377005.066886106,139035.702094463,41826.1362176973,105137.228049288
2023-10-24,5773905.67215148,61964804.7972346,2167613.50057986,426050.400886586,185800.336068749,43790.8065971053,108738.800980917
2023-10-25,2946044.27869654,71730255.6286969,3020278.98401757,525541.927179566,214776.902554332,61149.7658051905,136377.440511525
2023-10-26,10107072.615998,57798153.9180708,1888980.58937513,404717.067202122,172885.454269747,37736.4722835943,109884.825634771
2023-10-27,3571087.38591379,56933865.9447572,2142053.39852142,435274.698762089,170763.758818939,43061.1469034814,126360.398178805
2023-10-28,1039272.16174485,36227811.5843118,1256446.29798284,365875.354202096,108575.249764654,25585.4442171342,90895.7117333146
2023-10-29,2944488.54114723,71736821.4081227,2599070.170432,525077.317915058,214320.429225556,52409.0585927443,141912.793533793
2023-10-30,3794676.14797058,51583295.1850144,2041062.4576909,559498.497494019,154874.855271615,41067.9869402212,143047.495403959
2023-10-31,2762434.92510875,73025956.4597756,2394685.78063517,532032.888699965,218628.019493847,48020.8954760877,136047.060349146
2023-11-01,2584040.61121437,79091247.0347818,3327607.27525245,687061.358401377,237599.698667501,66050.5449076981,180037.889866428
2023-11-02,1936049.90347393,51870515.1984135,2386238.51903865,565616.008755906,156144.95426035,47049.0886590331,143698.054266955
2023-11-03,910092.951347719,46984606.436503,1510872.43191105,522404.959034986,141121.666850522,30298.9489617395,129324.725023415
2023-11-04,1294957.75239898,40585853.5124907,1286596.45953582,376939.861690196,122085.539599689,25685.4571996988,104499.125343103
2023-11-05,3016920.42348343,49699184.5227157,1816900.49987995,318732.667801707,148614.452510585,36929.4919681253,85815.6314969779
2023-11-06,1399693.79430159,39196942.5108239,1213146.58802205,364444.104369726,118009.521751173,24439.1522591708,95065.7419895803
2023-11-07,3687920.92470776,55624273.8377025,2585459.93217445,586839.196617954,167218.665703425,52096.4392760141,146675.991149299
2023-11-08,379214.954612457,29745762.8308217,1141197.74689153,266571.265869948,89058.4881938246,23054.6632457435,70118.4122302629
2023-11-09,873150.603547704,24113138.296152,942262.357539217,252121.525887634,72347.5678481889,18965.2671869176,63150.9671240851
2023-11-10,1246338.52756026,39937435.6634775,1350735.29164606,446692.553698664,119532.164436069,26859.2548080991,115870.400363686
2023-11-11,5213380.15519575,69330761.1280155,2446561.79825792,665953.372466473,207864.26411144,49237.660946283,180325.975590483
2023-11-12,2334153.36630627,51457874.9740904,2359254.10205749,545618.984090678,154659.805272621,47580.4023628658,139042.95650773
2023-11-13,4471535.76742537,51614122.4400781,2000268.80060032,319222.247262719,153664.568420353,40043.2231956841,85867.268908653
2023-11-14,5230783.24225715,67414855.1712792,2069526.37788037,595078.194140764,202318.663234631,41691.9449626136,151948.210194205
2023-11-15,2511797.0252609,51164242.8444092,2072182.01155532,383493.536506983,153803.293387406,41310.1889476904,98738.6323314106
2023-11-16,775332.690495459,48950519.579443,2270081.65414124,476461.36822507,146837.581722477,45442.6671870623,125221.711002353
2023-11-17,1928636.30677222,60695463.8716707,1687315.94745092,486368.636293286,181683.854236132,34408.2095721021,120206.630371898
2023-11-18,7115426.67281165,75837625.9261216,2556875.11034584,621327.444602584,227661.668284543,51458.5191807337,158757.273790021
2023-11-19,3241720.63044015,70956827.9113027,2862419.85612183,711633.96908952,214187.48794918,58336.6038570416,185732.782040352
2023-11-20,4685594.75183241,75794259.9429826,2736353.86204682,709892.58088469,226664.040400186,54398.3676385868,176188.721371133
2023-11-21,5097147.68289457,69097362.4759502,2386853.2693826,654851.789115085,206823.55830299,47974.3667647156,172107.68676176
2023-11-22,5995940.68567724,65968626.1691729,2427198.51545841,448636.093383579,195483.97237993,48290.4267786456,118172.579184334
2023-11-23,3944260.16885394,84779491.9406079,3367965.61999877,769600.433944451,255121.713740376,67179.5725102201,194662.285522754
2023-11-24,9447799.41548834,94892836.4161341,3913524.06579759,680915.758637128,285901.519868365,79033.3212966033,168355.061940168
2023-11-25,6188152.37919193,81049786.86736,2645784.76809772,657365.115225453,243272.127570033,52266.5908340044,166318.918857977
2023-11-26,1968751.89470568,50307477.5022635,1962771.70368109,433942.068227479,149905.951206838,39122.2482039221,118004.936215582
2023-11-27,1686705.04059453,37490058.2094113,1217326.69983404,332028.07054894,112049.744487641,24488.2604921712,88457.2518650574
2023-11-28,2300623.22845958,54625474.9565643,1898517.41358658,589733.01134919,163497.704409393,38149.0081066225,146648.265754898
2023-11-29,6546106.12281021,43923271.2991291,1629963.82183627,421736.321012294,131521.425625675,32734.5507668401,109220.398419561
2023-11-30,1543137.00372026,54384010.3266618,2464220.14248173,503021.790028232,163325.407402175,49065.9540975035,144107.727485457
2023-12-01,2011290.75083977,44210486.7106445,2010723.36257432,394619.404131643,132471.856521594,40047.2384989513,101429.564470859
2023-12-02,6904171.03542917,68142081.3989475,2443440.78852415,636205.358001829,204566.0659962,49544.5704771806,167015.352835969
2023-12-03,4724101.18923778,90004350.9539205,3034873.42906295,826752.194446817,269243.104212145,60643.2715792728,218059.223445827
2023-12-04,8056567.953396,77332908.2112183,2766979.63289432,519480.758149072,233705.070700867,55359.8054999582,136334.602807423
2023-12-05,5823427.07895009,68065116.5207046,2888182.99991078,551964.532272471,203917.815644834,58340.2423917603,140923.789590672
2023-12-06,5221754.55343356,50555896.0219,2306948.03683205,513282.396420451,152051.217783183,46282.9433802236,134401.49533254
2023-12-07,7362162.6563875,96757478.6570547,3399422.68916014,700344.752485672,291246.316531683,68047.5682028339,187789.483888956
2023-12-08,4389797.46418357,52551780.9531528,1618328.42117428,512010.79824813,156882.231302906,32969.9371454898,131189.311200857
2023-12-09,2800885.69417422,84320218.9616983,2589943.80259416,602326.623493716,252942.936770104,52602.2098628399,161084.356249418
2023-12-10,5060959.03399534,81719744.8970082,3412850.34975846,714436.527051628,244308.957521777,68675.2018499102,173547.508307384
2023-12-11,1133572.75210163,62443929.579965,2456234.28729213,402234.647101028,187905.713235106,49115.8531302736,108016.131475416
2023-12-12,46232.150953973,610325.41310094,19405.8683907993,5841.40921909805,1836.46873458149,388.356852795289,1453.16712233005
2023-12-13,5601791.32293797,47592060.2313873,1905715.09217094,444297.67228873,141896.531624208,38028.8242244703,116081.595419951
2023-12-14,3753589.28770244,68589090.2750145,2147554.41247586,511613.9426262,205193.437711684,42281.2167273822,127234.328127193
2023-12-15,1014477.37211701,30386749.3801976,1481533.81043794,311097.754516387,91072.244500416,29570.5380043894,77946.8417517566
2023-12-16,712051.740763603,34360524.0747838,1279948.55470749,270862.27912807,103230.274945966,25869.0957636618,70783.2854058506
2023-12-17,904414.391751711,65107056.1292539,2177672.73924813,698662.012384759,195738.272784913,44049.1694086391,179850.53097332
2023-12-18,37126.7597197382,8840138.04687062,330936.590314334,69911.0236227175,26596.8581608175,6633.98537244791,16173.0069456119
2023-12-19,3782366.31336095,60757983.325799,2036823.12698817,493221.252502473,182181.432001204,40796.9272717716,129377.697859055
2023-12-20,1283710.41375995,48784608.6757568,1768480.48837284,420358.510104977,146031.170741228,35624.9844115679,120440.250982288
2023-12-21,1125330.40857685,42668774.1080998,1488617.44411524,433150.312359792,127700.29836213,29803.1648616729,105642.031274483
2023-12-22,1440091.88459267,59384325.2796648,2424443.28762346,441625.377482822,178160.50721161,48201.2498289892,108972.822266459
2023-12-23,2737412.77201712,51712063.7174435,1803499.78364836,560462.675645649,155298.661210573,36251.2488177791,142897.773878147
2023-12-24,5684988.98798253,55572076.8851444,2646890.09362374,532779.930575189,166893.763356811,52950.2053616575,133856.963625196
2023-12-25,2510660.88082842,58930878.9766195,2379719.04843509,463261.132419035,176106.630489839,48168.3739078436,117128.550392893
2023-12-26,1798915.20800591,48404378.4199293,1384900.65888864,406313.853852191,145270.133220296,28049.7636668141,102154.433152129
2023-12-27,4600365.99726643,53731120.8454643,1811694.91905997,595918.86857322,161213.679206537,36482.7269594528,157151.852972606
2023-12-28,4757210.02976155,79243546.6761296,2918704.76845417,656187.113363645,237451.197405533,58071.6592420766,172248.030148145
2023-12-29,1472269.89554482,61164929.9455696,2366003.23539113,662310.251814794,182927.007088749,47436.0528871616,165353.984654058
2023-12-30,10655814.2169821,75911902.1005165,3160271.50994502,719595.432384386,227887.11671421,63447.9215573336,187369.906936525
2023-12-31,3492446.11005684,54282321.70604,2050715.74955996,372845.888196843,162976.681693192,41309.0816250007,97226.1963374361
